,date,count,tavg,tmin,tmax,prcp,wdir,wspd,pres
0,2019-01-10,10,51.8,44.1,61.0,0.0,141.8,3.2,1020.2
1,2019-01-11,3,54.5,45.0,63.0,0.0,141.5,9.4,1013.2
2,2019-01-13,26,53.2,45.0,62.1,0.0,140.9,6.3,1015.4
3,2019-01-14,2,52.0,48.9,55.9,0.0,140.6,7.6,1011.6
4,2019-01-15,1,53.1,51.1,55.9,0.0,140.3,12.6,1008.9
5,2019-01-16,7,57.2,55.0,61.0,0.0,140.0,17.6,1011.6
6,2019-01-17,39,57.4,52.0,60.1,0.0,140.8125,7.0,1017.1
7,2019-01-18,5,56.8,51.1,64.0,0.0,141.625,2.7,1026.2
8,2019-01-19,3,58.6,51.1,68.0,0.0,142.4375,3.3,1026.0
9,2019-01-20,46,55.6,48.0,64.0,0.0,143.25,6.8,1018.6
10,2019-01-21,20,50.0,44.1,55.9,0.0,144.0625,6.6,1022.9
11,2019-01-25,40,51.6,39.9,64.9,0.0,147.3125,2.9,1023.2
12,2019-01-27,4,55.2,46.0,64.9,0.0,148.9375,2.4,1021.6
13,2019-01-28,105,56.3,48.9,64.9,0.0,149.75,2.9,1017.0
14,2019-01-29,7,55.0,48.9,63.0,0.0,150.5625,4.3,1015.2
15,2019-01-30,5,57.0,51.1,66.0,0.0,151.375,3.4,1012.7
16,2019-01-31,5,56.3,52.0,63.0,0.0,152.1875,4.0,1012.1
17,2019-02-06,20,44.2,35.1,55.0,0.0,150.63636363636363,5.0,1021.8
18,2019-02-07,40,46.0,37.0,57.0,0.0,150.54545454545453,5.2,1024.3
19,2019-02-08,83,47.5,42.1,53.1,0.0,150.45454545454547,8.2,1017.3
20,2019-02-09,51,48.0,37.9,54.0,0.0,150.36363636363637,7.6,1013.6
21,2019-02-10,28,46.2,39.9,51.1,0.0,150.27272727272728,7.4,1016.5
22,2019-02-11,36,45.0,37.0,54.0,0.0,150.1818181818182,4.9,1022.8
23,2019-02-12,47,46.9,37.0,55.0,0.0,150.0909090909091,7.3,1015.5
24,2019-02-13,343,55.6,48.0,62.1,0.0,150.0,19.0,1015.6
25,2019-02-14,53,55.4,50.0,62.1,0.0,185.0,10.7,1015.7
26,2019-02-15,196,47.8,43.0,52.0,0.0,205.66666666666663,6.3,1015.8
27,2019-02-16,6,46.9,43.0,52.0,0.0,226.33333333333331,8.0,1021.2
28,2019-02-19,510,45.0,34.0,55.0,0.0,288.33333333333337,5.4,1022.4
29,2019-02-20,258,49.8,46.0,55.0,0.0,309.0,12.8,1013.2
30,2019-02-21,348,47.8,39.9,55.0,0.0,331.0,12.5,1007.8
31,2019-02-22,167,46.8,37.0,55.0,0.0,295.2,6.6,1019.0
32,2019-02-23,272,46.2,34.0,57.0,0.0,259.4,4.8,1025.9
33,2019-02-24,189,50.4,43.0,60.1,0.0,223.6,4.2,1022.5
34,2019-02-25,73,52.9,48.0,55.9,0.01875,187.8,10.2,1016.5
35,2019-02-26,287,55.6,53.1,60.1,0.0375,152.0,15.2,1015.8
36,2019-02-27,94,55.9,51.1,64.0,0.0562499999999999,152.375,13.4,1015.1
37,2019-03-01,165,51.3,44.1,59.0,0.0681818181818181,153.125,1.7,1017.6
38,2019-03-02,10,57.4,51.1,64.9,0.0613636363636363,153.5,2.6666666666666665,1010.3
39,2019-03-03,31,55.2,52.0,62.1,0.0545454545454545,153.875,3.633333333333333,1017.0
40,2019-03-04,1,52.9,48.9,57.9,0.0477272727272727,154.25,4.6,1019.0
41,2019-03-05,41,54.5,51.1,59.0,0.0409090909090909,154.625,8.6,1011.0
42,2019-03-06,20,55.4,53.1,61.0,0.034090909090909,155.0,14.1,1007.0
43,2019-03-07,209,50.7,46.9,54.0,0.0272727272727272,151.33333333333334,5.0,1016.1
44,2019-03-08,65,48.2,43.0,55.0,0.0204545454545454,147.66666666666666,7.5,1017.8
45,2019-03-09,35,47.1,42.1,53.1,0.0136363636363636,144.0,11.4,1014.5
46,2019-03-10,14,49.1,41.55,58.05,0.0068181818181818,187.5,8.5,1015.75
47,2019-03-11,2,51.1,41.0,63.0,0.0,231.0,5.6,1017.0
48,2019-03-12,53,50.5,41.0,61.0,0.0,274.5,9.8,1013.8
49,2019-03-13,1,52.0,45.0,61.0,0.0,318.0,11.4,1021.2
50,2019-03-14,51,52.2,39.9,64.9,0.0,299.77777777777777,6.8,1024.0
51,2019-03-15,9,53.6,39.9,66.9,0.0,281.55555555555554,4.9,1022.7
52,2019-03-16,1,56.1,43.0,70.0,0.0,263.3333333333333,4.7,1020.4
53,2019-03-17,10,58.3,46.0,72.0,0.0,245.11111111111111,3.3,1018.1
54,2019-03-19,16,59.0,51.1,72.0,0.0,208.66666666666669,6.5,1011.7
55,2019-03-20,208,55.6,51.1,63.0,0.0,190.44444444444449,8.3,1015.3
56,2019-03-21,188,53.1,44.1,63.0,0.0,172.22222222222223,5.6,1019.6
57,2019-03-22,4,52.9,46.9,57.9,0.0,154.0,8.1,1021.6
58,2019-03-23,9,55.2,48.9,62.1,0.0,156.84615384615384,8.5,1022.0
59,2019-03-24,34,53.8,41.0,66.9,0.0,159.69230769230768,4.5,1022.2
60,2019-03-25,10,57.2,48.9,66.9,0.0,162.53846153846155,8.6,1018.4
61,2019-03-26,18,58.1,51.1,66.0,0.0,165.3846153846154,5.3,1016.0
62,2019-03-27,3,58.1,53.1,63.0,0.0,168.23076923076923,11.2,1019.6
63,2019-03-28,46,54.7,46.0,64.0,0.0,171.07692307692307,7.5,1023.2
64,2019-03-29,4,54.7,46.0,63.0,0.0,173.92307692307693,7.1,1026.5
65,2019-03-30,21,55.9,45.0,66.9,0.0,176.76923076923077,6.2,1023.5
66,2019-03-31,35,59.4,45.0,73.9,0.0,179.6153846153846,5.3,1020.4
67,2019-04-01,30,58.5,50.0,64.9,0.0,182.46153846153845,4.3,1015.4
68,2019-04-02,95,58.3,54.0,64.9,0.0,185.30769230769232,6.8,1016.0
69,2019-04-03,53,57.6,54.0,62.1,0.0,188.15384615384616,5.8,1016.6
70,2019-04-04,45,57.6,55.0,62.1,0.0,191.0,8.9,1016.5
71,2019-04-05,6,57.4,53.1,64.0,0.0,184.0,7.0,1016.0
72,2019-04-06,26,60.3,53.1,69.1,0.0,177.0,8.4,1019.2
73,2019-04-07,98,62.6,53.1,73.9,0.0,214.0,7.1,1024.3
74,2019-04-08,35,64.0,55.9,73.0,0.0,251.0,6.5,1022.5
75,2019-04-09,70,58.6,54.0,66.0,0.0,288.0,9.6,1023.7
76,2019-04-10,3,58.1,48.0,69.1,0.0,325.0,12.7,1024.8
77,2019-04-11,4,55.9,50.0,63.0,0.0,317.3684210526316,8.8,1020.6
78,2019-04-12,32,57.6,46.9,70.0,0.0,309.7368421052632,8.6,1014.2
79,2019-04-13,18,60.6,48.9,75.9,0.0,302.10526315789474,5.7,1015.3
80,2019-04-14,59,56.1,50.0,66.0,0.0,294.4736842105263,7.1,1014.7
81,2019-04-16,17,56.8,51.1,64.9,0.0,279.2105263157895,9.4,1016.8
82,2019-04-17,2,59.5,48.0,73.0,0.0,271.57894736842104,6.2,1022.3
83,2019-04-18,56,65.5,51.1,81.0,0.0,263.9473684210526,4.8,1019.2
84,2019-04-19,1,63.7,55.0,75.0,0.0,256.3157894736842,6.4,1017.05
85,2019-04-22,12,63.3,50.0,81.0,0.0,233.42105263157896,6.3,1017.8
86,2019-04-23,1,71.8,55.9,87.1,0.0,225.7894736842105,4.3,1014.7
87,2019-04-24,5,72.7,60.1,89.1,0.0,218.1578947368421,5.2,1013.1
88,2019-04-25,4,64.8,55.9,77.0,0.0,210.5263157894737,6.4,1013.9
89,2019-04-26,9,63.5,52.0,80.1,0.0,202.8947368421053,4.6,1014.2
90,2019-04-27,44,61.0,53.1,72.0,0.0,195.26315789473685,8.1,1013.4
91,2019-04-28,14,58.8,51.1,71.1,0.0,187.6315789473684,8.9,1010.4
92,2019-04-30,248,59.7,54.0,69.1,0.0,186.0,11.1,1013.1
93,2019-05-01,152,60.8,48.9,75.0,0.0,189.8095238095238,7.4,1016.4
94,2019-05-02,164,62.2,48.9,75.9,0.0,193.6190476190476,6.2,1016.2
95,2019-05-03,25,62.1,52.0,75.0,0.0,197.42857142857144,6.0,1014.4
96,2019-05-04,11,58.1,51.1,70.0,0.0,201.23809523809524,7.1,1012.5
97,2019-05-05,12,58.5,52.0,66.9,0.0155,205.04761904761904,7.4,1010.9
98,2019-05-06,4,59.4,53.1,69.1,0.031,208.8571428571429,5.7,1012.7
99,2019-05-07,119,60.8,55.9,69.1,0.0,212.66666666666663,7.5,1016.9
100,2019-05-08,39,61.0,55.9,73.0,0.0,216.47619047619048,7.9,1014.7
101,2019-05-09,53,61.3,57.0,68.0,0.0,220.28571428571428,6.6,1009.1
102,2019-05-10,54,63.3,57.0,75.0,0.0,224.0952380952381,7.8,1009.7
103,2019-05-11,10,61.9,55.0,72.0,0.0,227.9047619047619,7.6,1014.3
104,2019-05-12,1,61.5,55.9,70.0,0.0,231.7142857142857,6.6,1015.2
105,2019-05-13,55,60.1,53.1,71.1,0.0,235.52380952380952,7.9,1016.7
106,2019-05-14,84,60.4,55.9,66.9,0.0,239.3333333333333,7.0,1016.6
107,2019-05-15,62,61.0,57.9,66.9,0.0033333333333333,243.14285714285717,10.1,1009.7
108,2019-05-16,48,56.5,53.1,61.0,0.0066666666666666,246.95238095238096,8.6,1012.1
109,2019-05-17,43,56.7,52.0,66.0,0.01,250.7619047619048,7.8,1019.6
110,2019-05-18,64,52.9,46.9,60.1,0.0133333333333333,254.57142857142856,9.1,1013.3
111,2019-05-19,398,54.1,48.0,61.0,0.0166666666666666,258.3809523809524,5.9,1009.2
112,2019-05-20,270,56.7,48.9,66.0,0.02,262.1904761904762,5.8,1014.6
113,2019-05-21,150,55.8,51.1,60.1,0.0133333333333333,266.0,10.9,1013.5
114,2019-05-22,138,61.0,53.1,71.1,0.0066666666666666,327.0,11.3,1009.7
115,2019-05-23,36,62.4,54.0,73.9,0.0,327.1666666666667,8.8,1010.1
116,2019-05-24,9,62.2,55.9,72.0,0.0,327.3333333333333,8.9,1015.2
117,2019-05-26,4,55.8,53.1,62.1,0.0,327.6666666666667,9.1,1011.5
118,2019-05-28,17,61.0,54.0,72.0,0.0,328.0,7.6,1016.2
119,2019-05-29,67,61.9,54.0,75.9,0.0,328.1666666666667,7.5,1012.4
120,2019-05-30,49,59.9,55.9,68.0,0.0,328.3333333333333,7.4,1013.2
121,2019-05-31,12,64.4,55.0,78.1,0.0,328.5,6.0,1011.9
122,2019-06-01,141,65.5,55.9,80.1,0.0,328.6666666666667,6.3,1009.5
123,2019-06-02,6,63.9,55.9,75.0,0.0,328.8333333333333,10.0,1011.1
124,2019-06-03,6,65.8,57.0,77.0,0.0,329.0,6.4,1012.4
125,2019-06-05,32,70.3,62.1,82.9,0.0,329.3333333333333,6.2,1011.6
126,2019-06-06,21,63.9,55.0,73.9,0.0,329.5,8.1,1014.6
127,2019-06-07,3,62.8,52.0,73.9,0.0,329.6666666666667,8.8,1015.7
128,2019-06-10,21,83.3,69.1,100.0,0.0,330.1666666666667,5.0,1014.7
129,2019-06-11,136,84.0,66.9,99.0,0.0,330.3333333333333,6.0,1014.3
130,2019-06-12,4,80.4,68.0,93.9,0.0,330.5,6.5,1012.1
131,2019-06-13,11,72.30000000000001,62.5,84.45,0.0,330.6666666666667,7.6,1012.8
132,2019-06-14,34,64.2,57.0,75.0,0.0,330.8333333333333,7.4,1013.6
133,2019-06-15,38,61.7,55.9,69.1,0.0,331.0,7.8,1014.4
134,2019-06-16,98,62.6,57.0,72.0,0.0,331.1666666666667,6.9,1012.35
135,2019-06-17,183,66.4,55.0,81.0,0.0,331.3333333333333,8.9,1010.3
136,2019-06-18,280,68.0,57.9,79.0,0.0,331.5,9.0,1012.7
137,2019-06-19,67,66.4,57.9,79.0,0.0,331.6666666666667,9.1,1013.2
138,2019-06-20,67,66.9,60.1,77.0,0.0,331.8333333333333,10.2,1011.6
139,2019-06-21,48,66.4,57.0,79.0,0.0,332.0,8.9,1012.0
140,2019-06-22,5,71.2,57.0,88.0,0.0,332.1666666666667,7.7,1013.4
141,2019-06-23,26,73.9,60.1,89.1,0.0,332.3333333333333,6.1,1013.4
142,2019-06-24,15,70.2,59.0,84.0,0.0,332.5,7.1,1011.1
143,2019-06-25,27,68.2,57.0,81.0,0.0,332.6666666666667,8.1,1010.9
144,2019-06-26,50,64.8,57.9,73.0,0.0,332.8333333333333,9.3,1015.4
145,2019-06-27,59,64.0,55.9,73.0,0.0,333.0,11.1,1018.4
146,2019-06-28,14,65.5,60.1,75.9,0.0,325.8181818181818,6.8,1017.0
147,2019-06-29,26,64.2,53.1,75.9,0.0,318.6363636363636,6.3,1017.1
148,2019-06-30,56,64.6,57.0,75.0,0.0,311.45454545454544,7.8,1017.1
149,2019-07-01,7,65.3,55.9,75.9,0.0,304.27272727272725,7.15,1017.2
150,2019-07-02,3,65.7,57.0,75.0,0.0,297.0909090909091,6.5,1015.0
151,2019-07-03,56,65.1,55.9,78.1,0.0,289.9090909090909,8.0,1013.2
152,2019-07-04,1,64.9,55.9,77.0,0.0,282.72727272727275,7.6,1013.6
153,2019-07-05,2,65.7,55.0,80.1,0.0,275.54545454545456,7.1,1015.6
154,2019-07-06,32,66.2,55.0,81.0,0.0,268.3636363636364,6.6,1015.3
155,2019-07-07,119,64.4,55.9,75.9,0.0,261.1818181818182,7.5,1013.7
156,2019-07-08,18,63.0,57.0,72.0,0.0,254.0,9.1,1015.9
157,2019-07-09,4,65.5,60.0,74.5,0.0,246.8181818181818,8.566666666666666,1017.2
158,2019-07-10,94,68.0,63.0,77.0,0.0,239.63636363636363,8.033333333333333,1018.5
159,2019-07-11,105,68.5,61.0,79.0,0.0,232.45454545454544,7.5,1017.3
160,2019-07-12,323,67.1,59.0,80.1,0.0,225.27272727272728,6.8,1013.6
161,2019-07-13,67,66.4,57.9,77.0,0.0,218.0909090909091,6.9,1012.4
162,2019-07-14,136,68.2,59.0,78.1,0.0,210.9090909090909,6.3,1015.4
163,2019-07-15,195,71.6,62.1,84.9,0.0,203.72727272727272,7.6,1015.7
164,2019-07-16,77,70.2,60.1,82.9,0.0,196.54545454545456,6.9,1013.1
165,2019-07-17,60,69.6,57.9,84.9,0.0,189.3636363636364,9.4,1012.1
166,2019-07-18,54,69.69999999999999,58.45,83.9,0.0,182.1818181818182,10.25,1011.85
167,2019-07-19,175,69.8,59.0,82.9,0.0,175.0,11.1,1011.6
168,2019-07-20,108,67.3,60.1,78.1,0.0,175.21428571428572,8.5,1012.7
169,2019-07-21,89,69.1,59.0,82.0,0.0,175.42857142857142,7.5,1012.8
170,2019-07-22,14,72.3,62.1,86.0,0.0,175.64285714285714,6.4,1013.8
171,2019-07-23,31,70.2,61.0,80.1,0.0,175.85714285714286,7.4,1015.8
172,2019-07-24,182,75.4,62.1,91.9,0.0,176.07142857142858,6.6,1014.4
173,2019-07-25,73,73.8,64.0,84.9,0.0,176.28571428571428,7.1,1013.0
174,2019-07-26,131,68.9,60.1,81.0,0.0,176.5,7.4,1015.8
175,2019-07-27,40,73.4,59.0,89.1,0.0,176.71428571428572,5.5,1015.7
176,2019-07-28,29,76.1,66.0,88.0,0.0,176.92857142857142,7.0,1012.8
177,2019-07-29,6,67.6,58.1,80.1,0.0,177.14285714285714,9.6,1013.9
178,2019-07-30,25,66.2,59.0,77.0,0.0,177.35714285714286,6.9,1014.1
179,2019-07-31,58,67.5,57.0,82.9,0.0,177.57142857142858,8.2,1013.9
180,2019-08-01,11,65.8,55.9,75.0,0.0,177.78571428571428,9.3,1015.45
181,2019-08-02,10,68.7,61.0,80.1,0.0,178.0,7.6,1017.0
182,2019-08-03,48,70.2,61.0,82.9,0.0,178.21428571428572,6.3,1014.0
183,2019-08-04,26,70.2,63.0,82.9,0.0,178.42857142857142,7.4,1014.4
184,2019-08-05,4,70.5,62.1,86.0,0.0,178.64285714285714,5.7,1014.3
185,2019-08-06,60,70.0,61.0,86.0,0.0,178.85714285714286,6.7,1012.7
186,2019-08-07,6,66.9,59.0,77.0,0.0,179.07142857142858,8.0,1013.9
187,2019-08-08,69,67.1,59.0,77.0,0.0,179.28571428571428,7.0,1015.4
188,2019-08-09,7,70.0,61.0,81.0,0.0,179.5,7.5,1014.4
189,2019-08-10,67,71.4,64.0,80.1,0.0,179.71428571428572,8.9,1014.8
190,2019-08-11,229,71.2,61.0,84.9,0.0,179.92857142857142,9.1,1016.4
191,2019-08-12,535,73.4,62.1,89.1,0.0,180.14285714285714,7.1,1014.8
192,2019-08-13,221,74.7,62.1,90.0,0.0,180.3571428571429,5.8,1014.0
193,2019-08-14,101,80.1,66.0,97.0,0.0,180.57142857142856,5.65,1013.6
194,2019-08-15,439,82.8,68.0,98.1,0.0,180.78571428571428,5.5,1012.1
195,2019-08-16,132,77.5,66.9,91.9,0.0,181.0,7.5,1009.9
196,2019-08-17,119,69.1,60.1,82.9,0.0,181.2142857142857,8.025,1009.5
197,2019-08-18,248,67.6,60.1,78.1,0.0,181.42857142857144,8.55,1010.9
198,2019-08-19,84,66.0,60.1,78.1,0.0,181.64285714285717,9.075,1013.5
199,2019-08-20,76,66.7,61.0,75.9,0.0,181.8571428571429,9.6,1016.1
200,2019-08-21,61,70.7,59.0,84.0,0.0,182.07142857142856,6.4,1014.0
201,2019-08-22,61,74.5,66.0,87.1,0.0,182.28571428571428,6.7,1008.6
202,2019-08-23,68,71.2,64.0,82.9,0.0,182.5,7.1,1008.4
203,2019-08-24,264,70.0,63.0,79.0,0.0,182.7142857142857,7.5,1012.8
204,2019-08-25,66,72.0,62.1,82.9,0.0,182.92857142857144,6.8,1014.6
205,2019-08-26,68,73.2,61.0,90.0,0.0,183.14285714285717,6.5,1012.0
206,2019-08-27,58,72.5,62.1,86.0,0.0,183.3571428571429,6.3,1010.0
207,2019-08-28,139,71.6,64.05,82.5,0.0,183.57142857142856,7.300000000000001,1013.25
208,2019-08-29,18,70.7,66.0,79.0,0.0,183.78571428571428,8.3,1016.5
209,2019-08-30,93,69.4,61.0,80.1,0.0,184.0,5.8,1014.95
210,2019-08-31,238,72.3,60.1,90.0,0.0,184.2142857142857,4.8,1013.4
211,2019-09-01,131,73.8,63.0,87.1,0.0,184.42857142857144,6.1,1012.8
212,2019-09-02,195,70.3,63.0,80.1,0.0,184.64285714285717,7.5,1014.2
213,2019-09-03,68,68.4,60.1,80.1,0.0,184.8571428571429,7.0,1014.8
214,2019-09-04,190,69.1,61.0,84.0,0.0,185.07142857142856,6.7,1011.9
215,2019-09-05,57,66.0,61.0,75.0,0.0,185.28571428571428,8.8,1015.3
216,2019-09-06,103,67.1,61.0,75.9,0.0,185.5,7.8,1018.1
217,2019-09-07,137,65.3,60.1,71.1,0.0,185.7142857142857,8.6,1017.5
218,2019-09-08,88,66.7,57.0,75.9,0.0,185.92857142857144,7.3,1015.7
219,2019-09-09,80,66.7,57.0,78.1,0.0,186.14285714285717,7.6,1014.0
220,2019-09-10,153,66.4,57.0,75.9,0.0,186.3571428571429,6.7,1013.2
221,2019-09-11,82,70.55000000000001,58.55,83.45,0.0,186.57142857142856,6.1,1014.45
222,2019-09-12,313,74.7,60.1,91.0,0.0,186.78571428571428,5.5,1015.7
223,2019-09-13,71,78.6,63.0,96.1,0.0,187.0,5.3,1014.3
224,2019-09-14,36,73.0,63.0,86.0,0.0,187.2142857142857,6.9,1012.9
225,2019-09-15,76,67.3,59.0,77.0,0.0,187.42857142857144,7.8,1012.1
226,2019-09-16,77,67.1,62.1,73.9,0.0,187.64285714285717,8.6,1013.9
227,2019-09-17,85,65.8,57.0,77.0,0.0,187.8571428571429,7.0,1016.6
228,2019-09-18,254,66.0,59.0,75.9,0.0,188.07142857142856,7.3,1014.3
229,2019-09-19,121,65.8,57.0,78.1,0.0,188.28571428571428,6.4,1013.6
230,2019-09-20,51,69.1,55.9,82.9,0.0,188.5,6.0,1013.4
231,2019-09-21,114,71.6,59.0,86.0,0.0,188.7142857142857,5.7,1013.1
232,2019-09-22,98,68.9,59.0,81.0,0.0,188.92857142857144,5.3,1012.8
233,2019-09-23,51,70.0,60.1,82.9,0.0,189.14285714285717,6.5,1013.9
234,2019-09-24,49,76.6,61.0,95.0,0.0,189.3571428571429,5.2,1013.6
235,2019-09-25,18,80.1,66.0,98.1,0.0,189.57142857142856,4.3,1007.8
236,2019-09-26,46,73.2,66.9,82.0,0.0,189.78571428571428,13.2,1009.95
237,2019-09-27,25,68.0,59.0,75.9,0.0,190.0,10.9,1012.1
238,2019-09-28,199,60.4,54.0,69.1,0.0,189.203125,10.4,1008.9
239,2019-09-29,139,58.5,48.9,68.0,0.0,188.40625,7.3,1013.0
240,2019-09-30,81,58.5,52.0,66.9,0.0,187.609375,8.4,1014.9
241,2019-10-01,3,57.9,46.9,69.1,0.0,186.8125,6.1,1015.0
242,2019-10-02,9,60.8,48.9,75.9,0.0,186.015625,6.3,1015.9
243,2019-10-03,131,59.5,48.9,72.0,0.0,185.21875,5.7,1015.8
244,2019-10-04,5,59.7,48.0,75.0,0.0,184.421875,6.0,1019.5
245,2019-10-05,43,63.5,50.0,80.1,0.0,183.625,5.0,1018.7
246,2019-10-06,25,68.0,52.0,84.9,0.0,182.828125,3.0,1016.0
247,2019-10-07,53,70.5,57.9,87.1,0.0,182.03125,4.3,1014.0
248,2019-10-08,23,67.8,55.0,86.0,0.0,181.234375,4.5,1011.2
249,2019-10-09,11,62.8,55.0,73.0,0.0,180.4375,7.3,1011.9
250,2019-10-10,100,65.7,55.0,78.1,0.0,179.640625,5.8,1014.3
251,2019-10-11,25,63.7,50.0,80.1,0.0,178.84375,3.4,1015.2
252,2019-10-12,65,63.3,48.0,79.0,0.0,178.046875,4.7,1012.3
253,2019-10-13,14,61.0,50.0,75.0,0.0,177.25,4.7,1010.9
254,2019-10-14,59,58.6,46.9,73.9,0.0,176.453125,4.4,1014.3
255,2019-10-15,53,58.6,51.1,71.1,0.0,175.65625,4.2,1017.7
256,2019-10-16,85,58.8,50.0,69.1,0.0,174.859375,3.9,1015.1
257,2019-10-17,160,61.7,57.0,69.1,0.0,174.0625,10.7,1014.2
258,2019-10-18,92,59.0,48.0,70.0,0.0,173.265625,5.3,1018.1
259,2019-10-19,44,58.6,48.0,73.0,0.0,172.46875,5.3,1018.6
260,2019-10-20,17,61.7,53.1,73.9,0.0,171.671875,6.0,1019.5
261,2019-10-21,99,65.8,53.1,82.9,0.0,170.875,4.8,1020.3
262,2019-10-22,11,69.1,54.0,84.9,0.0,170.078125,4.9,1020.0
263,2019-10-25,14,70.2,57.0,88.0,0.0,167.6875,4.4,1017.6
264,2019-10-26,11,64.9,55.0,82.0,0.0,166.890625,4.6,1010.6
265,2019-10-27,2,62.1,53.1,71.1,0.0,166.09375,11.7,1010.7
266,2019-10-28,7,58.6,46.0,71.1,0.0,165.296875,5.2,1016.7
267,2019-10-29,17,56.7,44.1,73.0,0.0,164.5,5.2,1014.2
268,2019-10-30,115,56.7,44.1,70.0,0.0,163.703125,3.7,1019.8
269,2019-10-31,14,56.3,43.0,73.0,0.0,162.90625,3.8,1022.4
270,2019-11-01,13,57.0,43.0,73.9,0.0,162.109375,4.0,1020.4
271,2019-11-02,8,57.6,42.1,75.9,0.0,161.3125,2.7,1019.0
272,2019-11-03,35,59.0,45.0,78.1,0.0,160.515625,2.9,1015.6
273,2019-11-04,192,59.0,48.0,73.9,0.0,159.71875,2.9,1015.2
274,2019-11-05,30,58.5,46.9,72.0,0.0,158.921875,3.0,1016.7
275,2019-11-06,30,56.3,50.0,66.0,0.0,158.125,3.0,1016.4
276,2019-11-07,76,55.6,50.0,66.0,0.0,157.328125,3.2,1019.1
277,2019-11-08,29,56.8,52.0,68.0,0.0,156.53125,2.9,1021.7
278,2019-11-10,134,57.0,51.1,69.1,0.0,154.9375,3.5,1017.6
279,2019-11-11,300,61.2,48.0,77.0,0.0,154.140625,1.6,1016.9
280,2019-11-12,70,61.9,51.1,73.9,0.0,153.34375,2.2,1017.1
281,2019-11-13,50,57.6,51.1,68.0,0.0,152.546875,2.8,1017.75
282,2019-11-14,61,58.8,53.1,64.0,0.0,151.75,7.7,1018.4
283,2019-11-15,59,60.1,57.0,66.9,0.0,150.953125,7.2,1021.6
284,2019-11-16,35,60.3,55.9,70.0,0.0,150.15625,2.2,1020.0
285,2019-11-17,145,60.3,48.9,73.9,0.0,149.359375,1.6,1017.9
286,2019-11-18,86,60.3,48.9,73.9,0.0,148.5625,2.9,1013.3
287,2019-11-19,111,57.6,53.1,66.0,0.0,147.765625,7.3,1007.4
288,2019-11-20,181,57.2,48.9,68.0,0.0,146.96875,5.8,1000.8
289,2019-11-21,275,54.7,45.0,66.0,0.0,146.171875,5.2,1011.2
290,2019-11-22,46,54.7,46.0,66.0,0.0,145.375,3.7,1020.9
291,2019-11-23,110,54.9,44.1,68.0,0.0,144.578125,3.0,1022.5
292,2019-11-24,61,54.7,44.1,69.1,0.0,143.78125,4.1,1020.6
293,2019-11-25,197,52.3,42.1,64.0,0.0,142.984375,9.6,1017.9
294,2019-11-26,64,48.2,41.0,55.0,0.0,142.1875,8.2,1009.45
295,2019-11-27,134,45.7,43.0,50.0,0.0,141.390625,6.1,1001.0
296,2019-11-28,125,44.1,37.0,50.0,0.0,140.59375,5.3,1002.3
297,2019-11-29,58,44.8,36.0,54.0,0.0,139.796875,4.9,1010.3
298,2019-11-30,120,47.8,42.1,52.0,0.0,139.0,19.2,1014.2
299,2019-12-01,69,54.1,52.0,55.9,0.0,138.0,25.6,1011.8
300,2019-12-02,214,56.1,53.1,59.0,0.0,142.5,14.3,1013.075
301,2019-12-03,142,54.7,48.0,61.0,0.0,147.0,1.7,1014.35
302,2019-12-04,21,55.4,53.1,59.0,0.0,151.5,3.3,1015.625
303,2019-12-05,86,55.8,46.9,62.1,0.0,156.0,3.4,1016.9
304,2019-12-06,34,59.7,53.1,66.9,0.0,160.5,12.7,1015.6
305,2019-12-07,35,60.1,57.0,64.9,0.0,165.0,12.0,1014.3
306,2019-12-08,101,56.7,54.0,61.0,0.0,163.0,5.6,1016.4
307,2019-12-09,67,54.5,52.0,57.9,0.0,161.0,4.3,1019.85
308,2019-12-10,128,55.0,48.9,62.1,0.0,159.0,4.0,1023.3
309,2019-12-11,261,58.6,54.0,63.0,0.0,157.0,9.2,1022.8
310,2019-12-12,103,62.1,59.0,68.0,0.0,155.14285714285714,7.3,1024.6
311,2019-12-13,203,59.2,55.9,62.1,0.0,153.28571428571428,4.7,1021.5
312,2019-12-14,106,53.4,48.9,57.9,0.0,151.42857142857142,8.0,1018.4
313,2019-12-15,412,49.8,44.1,55.9,0.0,149.57142857142858,6.0,1022.6
314,2019-12-16,192,47.5,39.9,59.0,0.0,147.71428571428572,3.2,1026.1
315,2019-12-17,794,48.6,39.9,60.1,0.0,145.85714285714286,3.2,1021.0
316,2019-12-18,398,53.4,50.0,57.0,0.0,144.0,11.2,1016.8
317,2019-12-19,477,54.3,48.9,62.1,0.0,142.14285714285714,3.9,1022.7
318,2019-12-20,281,53.1,46.0,64.0,0.0,140.28571428571428,1.6,1022.4
319,2019-12-21,213,53.1,46.0,60.1,0.0,138.42857142857142,6.3,1014.6
320,2019-12-22,80,53.2,46.0,57.0,0.0,136.57142857142856,10.7,1008.3
321,2019-12-23,162,46.6,39.9,54.0,0.0,134.71428571428572,3.6,1012.2
322,2019-12-24,49,46.4,39.9,52.0,0.0,132.85714285714286,5.0,1013.2
323,2019-12-25,16,49.6,46.0,54.0,0.0,131.0,10.6,1009.1
324,2019-12-26,23,50.2,43.0,57.0,0.0,332.0,8.3,1012.8
325,2019-12-27,125,45.5,35.1,57.0,0.0,331.42857142857144,3.6,1018.0
326,2019-12-28,61,46.9,37.0,61.0,0.0,330.85714285714283,2.9,1020.7
327,2019-12-29,3,49.5,44.1,55.9,0.0,330.2857142857143,6.4,1018.9
328,2019-12-30,72,51.1,46.0,59.0,0.0,329.7142857142857,4.1,1019.4
329,2019-12-31,63,50.8,44.05,58.0,0.0,329.1428571428572,5.3,1020.0
330,2020-01-01,104,50.5,42.1,57.0,0.0,328.57142857142856,6.5,1020.6
331,2020-01-02,114,53.4,46.9,61.0,0.0,328.0,4.5,1020.3
332,2020-01-03,81,51.1,42.1,68.0,0.0,2.0,2.7,1022.7
333,2020-01-04,45,53.1,45.0,60.1,0.0,23.0,7.5,1028.4
334,2020-01-05,83,49.6,42.1,57.9,0.0,329.0,5.5,1033.7
335,2020-01-06,31,49.5,39.9,62.1,0.0,316.0,4.8,1031.0
336,2020-01-07,111,47.7,37.9,57.0,0.0,357.0,4.1,1022.8
337,2020-01-08,142,51.1,46.9,57.0,0.0,331.0,5.6,1020.2
338,2020-01-09,34,49.8,44.1,55.9,0.0,333.0,8.7,1018.5
339,2020-01-10,93,47.8,37.9,59.0,0.0,335.0,4.0,1025.6
340,2020-01-11,96,49.6,45.0,57.0,0.0,337.0,5.7,1024.6
341,2020-01-12,34,46.0,39.0,55.0,0.0,7.0,4.2,1022.9
342,2020-01-13,209,49.8,39.9,55.9,0.0,13.0,3.4,1022.5
343,2020-01-14,137,49.5,43.0,54.0,0.0,19.0,6.0,1023.0
344,2020-01-15,142,44.6,36.0,53.1,0.0,25.0,3.5,1017.8
345,2020-01-16,171,46.4,42.1,50.0,0.0,135.0,12.0,1012.3
346,2020-01-17,109,45.9,37.9,55.9,0.0,244.5,4.0,1025.0
347,2020-01-18,2,45.5,39.0,55.9,0.0,354.0,1.4,1026.3
348,2020-01-19,60,46.0,37.9,54.0,0.0,346.0,2.1,1020.4
349,2020-01-20,149,49.8,45.0,57.0,0.0,216.0,3.5,1017.0
350,2020-01-21,107,53.8,48.0,60.1,0.0,152.0,8.5,1020.1
351,2020-01-22,93,55.9,52.0,63.0,0.0,252.5,2.4,1023.6
352,2020-01-23,104,52.3,45.0,61.0,0.0,353.0,2.4,1022.5
353,2020-01-24,108,54.5,46.0,64.9,0.0,334.0,4.2,1024.075
354,2020-01-25,17,57.9,52.0,64.9,0.0,340.5,3.9,1025.65
355,2020-01-26,89,56.8,48.9,61.0,0.0,347.0,6.4,1027.225
356,2020-01-27,127,51.8,44.1,61.0,0.0,5.0,4.2,1028.8
357,2020-01-28,39,54.0,50.0,61.0,0.0,357.0,4.5,1027.2666666666669
358,2020-01-29,18,53.8,48.0,61.55,0.0,349.0,3.85,1025.7333333333331
359,2020-01-30,96,53.6,46.0,62.1,0.0,341.0,3.2,1024.2
360,2020-02-01,144,54.1,45.0,66.9,0.0,349.0,2.4,1024.7
361,2020-02-02,99,51.8,46.0,57.0,0.0,322.0,14.0,1020.1
362,2020-02-03,74,45.9,37.0,55.0,0.0,327.0,7.3,1020.7
363,2020-02-04,32,46.4,37.9,55.0,0.0,336.0,7.8,1024.1
364,2020-02-05,20,48.2,37.0,62.1,0.0,331.0,4.3,1023.9
365,2020-02-06,77,52.7,41.0,66.9,0.0,341.0,2.9,1021.1
366,2020-02-07,184,52.2,41.0,66.9,0.0,338.0,3.6,1020.2
367,2020-02-08,26,51.8,46.0,60.1,0.0,348.0,4.5,1017.9
368,2020-02-09,96,53.8,42.1,62.1,0.0,341.0,12.7,1015.5
369,2020-02-10,11,59.0,46.9,71.1,0.0,303.0,8.1,1016.3
370,2020-02-11,12,60.1,48.0,73.0,0.0,326.5,6.3,1017.4
371,2020-02-12,47,55.4,44.1,70.0,0.0,350.0,4.8,1017.0
372,2020-02-13,1,51.4,45.0,60.1,0.0,359.0,7.0,1018.4
373,2020-02-16,13,52.7,44.1,61.0,0.0,343.0,5.6,1023.1
374,2020-02-18,33,55.2,45.0,69.1,0.0,329.0,4.3,1016.8
375,2020-02-19,26,52.3,41.0,66.9,0.0,337.0,3.4,1019.0
376,2020-02-20,27,54.9,42.1,69.1,0.0,345.0,3.9,1019.4
377,2020-02-21,256,57.2,45.0,66.0,0.0,345.0,1.9,1017.1
378,2020-02-22,79,57.6,51.1,66.9,0.0,344.0,8.7,1016.6
379,2020-02-23,110,53.1,46.0,61.0,0.0,343.0,4.8,1026.5
380,2020-02-24,5,55.6,44.1,69.1,0.0,341.0,4.9,1027.2
381,2020-02-25,10,60.3,44.1,77.0,0.0,343.0,5.3,1024.6
382,2020-02-26,130,61.0,48.0,75.9,0.0,340.0,4.0,1025.4
383,2020-02-27,6,61.5,46.9,78.1,0.0,338.0,3.2,1022.7
384,2020-02-28,1,61.2,53.1,75.9,0.0,338.0,5.2,1019.5
385,2020-02-29,24,54.0,48.9,61.0,0.0,332.0,7.1,1017.4
386,2020-03-01,121,51.3,41.0,60.1,0.0,333.5,6.5,1015.3
387,2020-03-02,2,59.7,45.0,73.0,0.0,335.0,10.2,1016.7
388,2020-03-03,9,62.1,48.0,75.9,0.0,318.0,6.0,1016.1
389,2020-03-04,1,61.9,48.9,77.0,0.0,289.5,4.0,1017.6
390,2020-03-05,2,56.7,50.0,66.0,0.0,261.0,7.1,1019.7
391,2020-03-06,29,56.8,53.1,66.0,0.0,196.0,7.0,1015.3
392,2020-03-07,9,52.5,50.0,55.9,0.0,117.0,7.6,1013.9
393,2020-03-08,26,54.15,48.45,60.95,0.0,182.66666666666669,5.8,1016.1
394,2020-03-09,2,55.8,46.9,66.0,0.0,248.33333333333331,4.0,1018.3
395,2020-03-10,52,59.7,50.0,66.9,0.0,314.0,4.8,1016.0
396,2020-03-11,9,61.9,55.0,72.0,0.0,335.0,7.0,1016.6
397,2020-03-12,57,59.7,48.9,73.9,0.0,264.5,4.6,1012.5
398,2020-03-13,116,55.9,50.0,64.0,0.0,194.0,11.2,1008.4
399,2020-03-14,152,53.4,50.0,59.0,0.0,175.0,9.8,1014.6
400,2020-03-15,174,50.0,46.0,54.0,0.0,169.0,7.6,1014.7
401,2020-03-16,111,47.5,44.1,55.9,0.0,25.0,4.5,1013.1
402,2020-03-17,237,46.8,39.0,57.0,0.0,138.0,6.4,1014.2
403,2020-03-18,230,48.4,42.1,54.0,0.0,162.0,4.9,1012.5
404,2020-03-19,221,52.2,46.0,60.1,0.0,126.25,3.3,1016.2
405,2020-03-20,84,53.2,44.1,63.0,0.0,90.5,4.6,1021.5
406,2020-03-21,11,54.1,48.0,61.0,0.0,54.75,3.4,1020.5
407,2020-03-22,52,55.2,48.9,66.9,0.0,19.0,3.8,1019.95
408,2020-03-23,119,53.2,48.9,57.9,0.0,318.0,6.2,1019.4
409,2020-03-24,59,52.9,48.0,57.9,0.0,176.0,6.7,1020.7
410,2020-03-25,74,49.3,44.1,55.0,0.0,309.0,5.8,1018.5
411,2020-03-26,257,48.6,37.0,57.9,0.0,313.0,7.0,1017.8
412,2020-03-27,97,49.3,37.9,59.0,0.0,273.0,5.9,1021.3
413,2020-03-28,66,52.0,48.0,57.0,0.0,156.0,4.0,1022.3
414,2020-03-29,121,54.9,50.0,62.1,0.0,140.0,7.1,1020.1
415,2020-03-30,126,57.2,52.0,66.0,0.0,342.0,5.4,1025.1
416,2020-03-31,107,57.0,51.1,66.9,0.0,333.0,6.8,1022.3
417,2020-04-01,157,54.3,48.0,63.0,0.0,324.0,9.4,1016.1
418,2020-04-02,65,53.8,42.1,66.0,0.0,331.0,7.5,1018.3
419,2020-04-03,112,51.8,39.9,63.0,0.0,354.0,6.6,1017.8
420,2020-04-04,42,51.8,42.1,60.1,0.0,156.0,8.2,1012.4
421,2020-04-05,52,52.3,50.0,55.0,0.0,138.0,7.3,1005.4
422,2020-04-06,177,47.7,43.0,51.1,0.0,329.0,3.0,1011.3
423,2020-04-07,75,50.9,39.9,63.0,0.0,343.0,6.1,1017.9
424,2020-04-08,79,55.8,48.9,64.9,0.0,159.0,6.4,1014.5
425,2020-04-09,87,57.4,53.1,63.0,0.0,114.0,5.3,1016.0
426,2020-04-10,281,58.6,54.0,66.0,0.0,340.0,9.1,1017.5
427,2020-04-11,146,56.7,53.1,64.0,0.0,319.0,6.2,1017.1
428,2020-04-12,85,57.4,52.0,66.9,0.0,327.3333333333333,4.6,1016.8
429,2020-04-13,18,59.7,52.0,70.0,0.0,335.6666666666667,5.5,1019.45
430,2020-04-14,134,62.4,48.0,77.0,0.0,344.0,5.2,1022.1
431,2020-04-15,59,63.3,50.0,81.0,0.0,322.0,6.2,1017.6
432,2020-04-16,198,57.7,53.1,66.9,0.0,349.0,6.3,1013.0
433,2020-04-17,82,58.6,55.0,66.9,0.0,182.0,6.8,1013.8
434,2020-04-18,37,59.0,55.0,68.0,0.0,238.0,8.2,1017.5
435,2020-04-19,95,57.9,48.0,68.0,0.0,346.0,6.6,1018.0
436,2020-04-20,324,57.7,54.0,64.0,0.0,335.0,8.7,1019.6
437,2020-04-21,218,58.6,54.0,70.0,0.0,325.0,7.8,1023.4
438,2020-04-22,98,61.2,48.9,75.9,0.0,345.0,7.5,1024.9
439,2020-04-23,77,63.9,55.9,75.9,0.0,340.0,8.9,1022.6
440,2020-04-24,176,66.6,54.0,82.9,0.0,334.0,6.6,1018.9
441,2020-04-25,60,68.0,55.9,84.0,0.0,344.0,5.9,1017.1
442,2020-04-26,35,63.5,53.1,75.9,0.0,340.0,7.9,1017.5
443,2020-04-27,245,63.5,52.0,75.9,0.0,342.0,7.7,1019.7
444,2020-04-28,149,66.7,55.9,84.0,0.0,336.0,6.5,1017.9
445,2020-04-29,207,61.3,55.0,69.1,0.0,344.0,7.8,1017.5
446,2020-04-30,255,61.7,53.1,75.0,0.0,351.0,7.8,1019.2
447,2020-05-01,61,61.9,50.0,73.9,0.0,345.0,8.8,1018.8
448,2020-05-02,50,63.3,55.0,73.0,0.0,339.0,6.8,1019.95
449,2020-05-03,480,61.2,52.0,70.0,0.0,333.0,9.3,1021.1
450,2020-05-04,336,61.2,46.9,79.0,0.0,338.0,6.6,1020.8
451,2020-05-05,677,61.9,50.0,75.0,0.0,349.0,8.3,1020.4
452,2020-05-06,578,64.9,52.0,81.0,0.0,338.0,8.5,1020.6
453,2020-05-07,481,69.4,52.0,86.0,0.0,337.0,6.0,1014.2
454,2020-05-08,507,71.1,55.9,90.0,0.0,338.0,4.8,1011.3
455,2020-05-09,892,62.8,55.0,75.9,0.0,330.0,7.0,1012.6
456,2020-05-10,528,62.2,54.0,73.0,0.0,256.0,8.3,1013.15
457,2020-05-11,535,62.2,53.1,73.9,0.0,182.0,12.9,1013.7
458,2020-05-12,625,61.2,55.9,68.0,0.0,242.0,9.9,1015.4
459,2020-05-13,446,60.4,50.0,69.1,0.0,223.0,5.9,1017.6
460,2020-05-14,451,62.8,54.0,73.0,0.0,275.0,6.2,1019.3
461,2020-05-15,379,64.0,57.0,73.0,0.0,327.0,10.3,1018.7
462,2020-05-16,303,65.7,55.9,75.9,0.0,356.0,6.7,1014.3
463,2020-05-17,343,65.5,62.1,73.9,0.0,161.0,12.0,1010.4
464,2020-05-18,344,61.9,55.9,69.1,0.0,232.0,9.1,1012.8
465,2020-05-19,81,59.9,51.1,71.1,0.0,268.0,9.0,1017.1
466,2020-05-20,416,61.7,57.0,71.1,0.0,296.0,8.3,1019.6
467,2020-05-21,303,63.9,51.1,78.1,0.0,307.0,8.1,1016.5
468,2020-05-22,167,62.6,55.0,73.0,0.0,318.0,7.2,1013.6
469,2020-05-23,84,65.1,51.1,82.0,0.0,329.0,7.4,1014.0
470,2020-05-24,59,69.6,54.0,89.1,0.0,340.0,5.8,1014.1
471,2020-05-25,212,77.5,62.1,93.9,0.0,335.75,5.8,1011.6
472,2020-05-26,131,79.3,63.0,95.0,0.0,331.5,6.2,1010.7
473,2020-05-27,192,78.4,66.0,93.0,0.0,327.25,6.8,1011.1
474,2020-05-28,346,68.7,57.9,81.0,0.0,323.0,7.3,1012.1
475,2020-05-29,49,65.8,57.9,79.0,0.0,178.0,11.7,1011.4
476,2020-05-30,142,66.0,62.1,72.0,0.0,181.0,11.3,1013.0
477,2020-05-31,27,63.5,55.9,72.0,0.0,347.0,5.8,1014.6
478,2020-06-01,50,67.1,60.1,78.1,0.0,339.0,7.5,1015.1
479,2020-06-02,57,74.8,60.1,91.0,0.0,345.0,6.8,1014.6
480,2020-06-03,13,80.1,64.9,96.1,0.0,330.0,6.6,1013.0
481,2020-06-04,78,74.5,62.1,91.9,0.0,326.0,6.4,1007.9
482,2020-06-05,42,64.4,57.9,72.0,0.0,227.0,13.2,1009.5
483,2020-06-06,26,62.4,55.9,73.0,0.0,320.0,9.7,1015.0
484,2020-06-07,34,61.0,54.0,69.1,0.0,317.0,14.9,1019.5
485,2020-06-08,59,65.1,52.0,78.1,0.0,334.0,9.4,1021.4
486,2020-06-09,63,70.3,55.0,90.0,0.0,342.0,7.0,1020.1
487,2020-06-10,27,71.6,59.0,87.1,0.0,332.0,7.3,1016.5
488,2020-06-11,190,70.0,59.0,84.9,0.0,347.0,8.0,1015.2
489,2020-06-12,148,64.2,57.9,71.1,0.0,334.0,10.9,1017.8
490,2020-06-13,72,63.3,55.9,72.0,0.0,338.0,9.4,1018.4
491,2020-06-14,159,65.7,59.0,77.0,0.0,342.0,8.8,1016.1
492,2020-06-15,426,66.7,59.0,77.0,0.0,350.0,8.3,1016.3
493,2020-06-16,316,64.6,57.0,73.0,0.0,348.0,10.5,1015.9
494,2020-06-17,265,70.9,55.9,86.0,0.0,336.0,7.2,1014.2
495,2020-06-18,156,75.2,60.1,91.9,0.0,336.0,7.0,1011.7
496,2020-06-19,100,69.4,59.0,82.9,0.0,329.0,8.1,1012.0
497,2020-06-20,299,65.7,55.9,79.0,0.0,322.0,7.7,1014.8
498,2020-06-21,127,68.0,57.9,81.0,0.0,352.0,7.7,1014.3
499,2020-06-22,98,68.9,57.0,86.0,0.0,313.0,7.4,1013.3
500,2020-06-23,78,68.7,57.9,82.9,0.0,313.0,9.0,1012.1
501,2020-06-24,104,69.6,59.0,84.0,0.0,313.0,7.5,1009.1
502,2020-06-25,10,68.4,57.9,82.0,0.0,313.0,8.6,1008.5
503,2020-06-26,117,69.3,59.0,82.0,0.0,313.0,8.3,1011.1
504,2020-06-27,51,69.4,61.0,82.9,0.0,328.0,7.3,1010.3
505,2020-06-28,66,66.0,57.9,78.1,0.0,164.0,10.8,1007.7
506,2020-06-29,41,67.6,55.0,82.0,0.0,0.0,10.2,1010.6
507,2020-06-30,91,71.4,57.9,89.1,0.0,333.0,8.5,1012.1
508,2020-07-01,67,66.4,55.9,82.9,0.0,145.0,9.4,1009.7
509,2020-07-02,116,64.9,55.9,77.0,0.0,179.0,12.2,1011.5
510,2020-07-03,89,65.7,55.0,77.0,0.0,255.0,9.0,1015.6
511,2020-07-04,41,71.4,57.0,87.1,0.0,332.0,6.4,1016.2
512,2020-07-05,55,71.1,59.0,84.9,0.0,338.0,6.9,1015.3
513,2020-07-06,12,66.0,55.0,78.1,0.0,344.0,8.0,1014.6
514,2020-07-07,98,66.7,55.0,82.0,0.0,340.25,7.5,1013.9
515,2020-07-08,39,68.5,57.9,82.9,0.0,336.5,7.1,1011.6
516,2020-07-09,111,69.1,55.9,86.0,0.0,332.75,7.1,1012.0
517,2020-07-10,110,71.4,60.1,84.9,0.0,329.0,6.0,1015.2
518,2020-07-11,244,73.0,60.1,90.0,0.0,331.0,6.0,1015.2
519,2020-07-12,73,72.9,60.1,89.1,0.0,311.0,6.6,1012.5
520,2020-07-13,29,68.2,59.0,79.0,0.0,291.0,7.5,1011.3
521,2020-07-14,57,66.4,57.0,82.0,0.0,271.0,12.1,1012.6
522,2020-07-15,214,67.1,57.9,80.1,0.0,251.0,9.4,1012.3
523,2020-07-16,131,66.4,57.9,75.9,0.0,312.0,7.9,1012.2
524,2020-07-17,95,68.4,57.9,80.1,0.0,331.0,7.1,1013.4
525,2020-07-18,86,68.7,59.0,80.1,0.0,311.0,8.0,1014.3
526,2020-07-19,29,67.3,60.1,77.0,0.0,341.0,7.1,1014.8
527,2020-07-20,93,66.4,61.0,75.0,0.0,349.5,7.2,1015.0
528,2020-07-21,84,65.7,59.0,78.1,0.0,358.0,7.1,1011.6
529,2020-07-22,35,67.1,57.9,81.0,0.0,347.3333333333333,8.2,1011.7
530,2020-07-23,90,67.3,59.0,81.0,0.0,336.6666666666667,8.8,1011.8
531,2020-07-24,164,65.3,57.0,77.0,0.0,326.0,8.4,1012.8
532,2020-07-25,22,67.6,57.0,81.0,0.0,331.0,8.1,1012.3
533,2020-07-26,47,68.2,59.0,79.0,0.0,331.0,7.6,1012.65
534,2020-07-27,96,67.8,60.1,80.1,0.0,331.0,6.7,1013.0
535,2020-07-28,238,67.3,60.1,78.1,0.0,331.0,6.5,1012.5
536,2020-07-29,135,67.6,60.1,78.1,0.0,340.0,7.0,1012.7
537,2020-07-30,65,67.1,61.0,78.1,0.0,339.5,7.1,1015.2
538,2020-07-31,99,66.4,60.1,78.1,0.0,339.0,7.1,1016.3
539,2020-08-01,80,67.5,57.9,79.0,0.0,333.0,6.5,1016.2
540,2020-08-02,40,68.2,59.0,80.1,0.0,334.0,6.0,1016.5
541,2020-08-03,86,71.4,62.1,87.1,0.0,330.0,6.7,1016.2
542,2020-08-04,125,67.6,59.0,79.0,0.0,326.0,8.3,1014.9
543,2020-08-05,33,65.3,62.1,73.0,0.0,322.0,7.1,1014.9
544,2020-08-06,90,68.9,62.1,81.0,0.0,338.0,9.2,1012.8
545,2020-08-07,119,69.1,59.0,84.0,0.0,354.0,8.3,1012.8
546,2020-08-08,304,70.2,59.0,84.9,0.0,284.0,7.5,1013.6
547,2020-08-09,74,71.8,62.1,86.0,0.0,307.5,5.8,1012.6
548,2020-08-10,60,70.2,62.1,81.0,0.0,331.0,6.2,1012.2
549,2020-08-11,78,67.6,59.0,79.0,0.0,329.0,6.8,1012.8
550,2020-08-12,240,70.3,62.1,82.0,0.0,330.4,5.8,1012.7
551,2020-08-13,419,77.4,62.1,95.0,0.0,331.8,4.9,1012.4
552,2020-08-14,150,85.3,73.9,100.9,0.0,333.2,5.7,1011.2
553,2020-08-15,73,84.0,72.0,97.0,0.0,334.6,6.8,1010.8
554,2020-08-16,149,84.4,75.0,98.1,0.0,336.0,8.0,1011.3
555,2020-08-17,267,79.3,72.0,95.0,0.0,338.0,6.2,1013.4
556,2020-08-18,162,81.0,70.0,97.0,0.0,340.0,5.5,1013.8
557,2020-08-19,196,78.1,69.1,89.1,0.0,338.0,6.9,1012.6
558,2020-08-20,328,71.4,60.1,84.0,0.0,337.0,9.2,1011.9
559,2020-08-21,303,72.5,62.1,88.0,0.0,347.0,6.7,1011.0
560,2020-08-22,108,73.9,64.0,89.1,0.0,334.0,5.4,1010.7
561,2020-08-23,260,73.0,64.9,84.0,0.0,328.0,5.5,1010.5
562,2020-08-24,121,73.8,66.0,86.0,0.0,330.0,6.3,1010.0
563,2020-08-25,129,69.8,64.0,79.0,0.0,324.0,7.1,1010.8
564,2020-08-26,152,66.2,59.0,75.0,0.0,332.0,7.1,1010.5
565,2020-08-27,141,65.5,59.0,78.1,0.0,349.0,5.6,1009.7
566,2020-08-28,121,66.0,57.0,77.0,0.0,329.0,5.7,1009.4
567,2020-08-29,91,65.5,55.0,77.0,0.0,332.0,5.8,1010.7
568,2020-08-30,39,65.5,55.9,78.1,0.0,335.0,5.5,1010.5
569,2020-08-31,126,65.7,59.0,77.0,0.0,338.0,5.2,1010.0
570,2020-09-01,244,64.2,57.0,73.9,0.0,0.0,6.3,1013.6
571,2020-09-02,168,64.9,60.1,75.0,0.0,111.0,6.8,1016.8
572,2020-09-03,231,64.6,61.0,72.0,0.0,222.0,8.1,1016.8
573,2020-09-04,229,67.1,59.0,81.0,0.0,333.0,6.6,1015.5
574,2020-09-05,84,77.9,61.0,98.1,0.0,344.5,2.9,1013.9
575,2020-09-06,89,86.0,69.1,104.0,0.0,356.0,4.4,1013.0
576,2020-09-07,40,85.8,73.0,102.9,0.0,348.0,5.5,1008.4
577,2020-09-08,230,71.6,64.9,84.0,0.0,332.0,6.6,1005.0
578,2020-09-09,249,63.7,60.1,66.0,0.0,13.0,4.0,1010.0
579,2020-09-10,186,63.3,59.0,68.0,0.0,14.0,2.5,1015.8
580,2020-09-11,148,64.9,57.0,75.9,0.0,351.0,2.1,1016.2
581,2020-09-12,135,68.5,59.0,82.9,0.0,346.0,2.9,1013.0
582,2020-09-13,94,64.0,60.1,72.0,0.0,333.0,5.8,1013.2
583,2020-09-14,302,64.2,60.1,73.9,0.0,337.0,4.8,1015.6
584,2020-09-15,301,66.7,60.1,78.1,0.0,330.0,5.2,1017.6
585,2020-09-16,428,69.1,63.0,80.1,0.0,338.5,5.3,1016.8
586,2020-09-17,695,70.9,66.0,80.1,0.0,347.0,6.4,1014.7
587,2020-09-18,237,69.6,64.9,78.1,0.0,340.0,8.8,1015.4
588,2020-09-19,254,69.3,61.0,80.1,0.0,327.0,6.7,1014.7
589,2020-09-20,301,72.1,59.0,90.0,0.0,338.0,4.3,1011.7
590,2020-09-21,309,69.4,61.0,82.0,0.0,344.0,4.7,1012.8
591,2020-09-22,171,67.8,57.9,81.0,0.0,344.0,5.9,1016.9
592,2020-09-23,324,68.5,57.9,81.0,0.0,350.0,6.3,1018.4
593,2020-09-24,191,70.9,64.9,81.0,0.0,351.0,8.9,1017.0
594,2020-09-25,269,66.4,55.9,75.9,0.0,357.0,6.2,1016.5
595,2020-09-26,71,69.3,59.0,82.9,0.0,344.0,5.8,1016.0
596,2020-09-27,56,77.0,61.0,93.0,0.0,334.0,5.5,1011.6
597,2020-09-28,132,79.0,64.0,99.0,0.0,340.0,3.7,1012.0
598,2020-09-29,51,70.5,63.0,82.9,0.0,341.5,5.2,1015.6
599,2020-09-30,62,71.8,62.1,87.1,0.0,343.0,4.1,1017.4
600,2020-10-01,269,77.7,66.0,93.9,0.0,3.0,3.2,1014.6
601,2020-10-02,63,76.3,64.0,93.0,0.0,344.0,3.5,1014.0
602,2020-10-03,61,73.4,62.1,93.0,0.0,341.0,3.5,1012.8
603,2020-10-04,73,69.1,59.0,84.0,0.0,333.0,4.3,1014.6
604,2020-10-05,204,67.6,57.9,86.0,0.0,335.5,3.5,1015.8
605,2020-10-06,505,66.4,57.9,80.1,0.0,338.0,3.7,1015.1
606,2020-10-07,247,61.7,57.0,68.0,0.0,334.0,5.4,1013.5
607,2020-10-08,90,62.8,59.0,71.1,0.0,338.0,5.5,1014.1
608,2020-10-09,302,64.8,61.0,73.0,0.0,342.0,4.3,1014.4
609,2020-10-10,185,65.8,57.9,75.9,0.0,346.0,7.6,1014.8
610,2020-10-11,163,66.6,57.0,79.0,0.0,328.0,7.0,1018.1
611,2020-10-12,159,68.2,55.0,84.0,0.0,336.5,4.0,1018.5
612,2020-10-13,237,69.6,55.0,86.0,0.0,345.0,4.8,1017.9
613,2020-10-14,109,73.0,60.1,89.1,0.0,347.0,5.0,1017.9
614,2020-10-15,38,78.3,63.0,93.0,0.0,313.0,5.5,1014.8
615,2020-10-16,33,76.3,63.0,93.9,0.0,156.5,3.5,1014.0
616,2020-10-17,33,74.8,60.1,93.9,0.0,0.0,3.0,1013.2
617,2020-10-18,130,71.4,59.0,87.1,0.0,319.0,4.4,1014.8
618,2020-10-19,180,67.5,57.0,84.9,0.0,349.0,3.8,1014.8
619,2020-10-20,181,68.7,57.0,86.0,0.0,345.0,2.9,1011.7
620,2020-10-21,134,69.1,57.0,86.0,0.0,340.0,3.6,1009.3
621,2020-10-22,201,64.9,55.9,79.0,0.0,331.0,6.2,1010.3
622,2020-10-23,77,62.1,55.0,73.9,0.0,322.0,5.5,1014.4
623,2020-10-24,106,61.2,53.1,71.1,0.0,353.0,5.0,1014.7
624,2020-10-25,67,62.4,55.9,71.1,0.0,312.0,6.0,1013.2
625,2020-10-26,79,63.5,54.0,75.9,0.0,326.5,5.6,1019.0
626,2020-10-27,206,62.1,48.9,79.0,0.0,341.0,5.2,1018.2
627,2020-10-28,316,62.1,50.0,78.1,0.0,349.0,3.0,1018.1
628,2020-10-29,120,61.0,48.0,75.9,0.0,353.0,3.1,1017.8
629,2020-10-30,107,59.0,48.0,72.0,0.0,352.0,3.9,1017.5
630,2020-10-31,220,60.8,46.9,75.9,0.0,355.0,1.9,1018.2
631,2020-11-01,41,61.0,48.0,79.0,0.0,5.0,2.1,1019.6
632,2020-11-02,63,62.8,51.1,79.0,0.0,347.0,2.7,1018.3
633,2020-11-03,83,58.8,50.0,78.1,0.0,332.0,3.7,1018.5
634,2020-11-04,136,60.1,48.0,75.0,0.0,340.0,3.4,1022.4
635,2020-11-05,63,64.2,53.1,78.1,0.0,348.0,2.9,1015.6
636,2020-11-06,61,57.7,51.1,62.1,0.0,305.0,11.7,1008.8
637,2020-11-07,47,53.6,48.9,62.1,0.0,293.0,5.6,1006.5
638,2020-11-08,77,51.3,42.1,57.9,0.0,311.0,13.0,1013.85
639,2020-11-09,107,47.3,36.0,60.1,0.0,353.0,4.7,1021.2
640,2020-11-10,314,50.7,36.0,63.0,0.0,21.0,3.7,1023.1
641,2020-11-11,139,54.0,48.0,61.0,0.0,316.0,4.1,1018.6
642,2020-11-12,444,52.5,44.1,63.0,0.0,353.0,3.2,1018.3
643,2020-11-13,396,52.2,42.1,64.0,0.0,146.0,6.6,1020.4
644,2020-11-14,62,50.9,43.0,59.0,0.0,359.0,3.4,1024.5
645,2020-11-15,99,52.7,39.9,66.9,0.0,10.0,3.2,1024.5
646,2020-11-16,192,57.0,44.1,73.0,0.0,0.0,1.6,1016.5
647,2020-11-17,84,60.1,54.0,66.0,0.0,62.5,11.9,1012.3
648,2020-11-18,100,59.2,51.1,64.9,0.0,125.0,6.5,1017.8
649,2020-11-19,120,53.1,46.0,62.1,0.0,328.0,5.0,1024.7
650,2020-11-20,79,53.1,43.0,66.9,0.0,340.0,2.8,1023.6
651,2020-11-21,134,50.4,39.0,64.0,0.0,352.0,3.0,1021.7
652,2020-11-22,54,48.6,37.0,62.1,0.0,353.0,4.9,1017.8
653,2020-11-23,183,52.2,45.0,60.1,0.0,354.0,3.2,1017.0
654,2020-11-24,129,52.2,42.1,68.0,0.0,336.0,4.5,1019.3
655,2020-11-25,105,51.6,44.1,61.0,0.0,338.0,4.9,1022.6
656,2020-11-26,33,51.4,39.0,64.9,0.0,347.0,4.2,1022.6
657,2020-11-27,101,49.5,37.0,64.9,0.0,196.5,3.2,1023.2
658,2020-11-28,210,47.7,34.0,64.0,0.0,46.0,3.2,1023.5
659,2020-11-29,49,49.3,34.0,64.9,0.0,5.0,3.1,1022.3
660,2020-11-30,121,49.3,36.0,63.0,0.0,1.0,2.6,1024.8
661,2020-12-01,158,50.4,42.1,63.0,0.0,351.0,1.7,1022.3
662,2020-12-02,136,50.2,37.9,64.9,0.0,5.0,2.2,1019.7
663,2020-12-03,92,51.3,41.0,64.0,0.0,3.5,3.5,1024.0
664,2020-12-04,59,52.2,42.1,68.0,0.0,2.0,1.4,1024.1
665,2020-12-05,47,50.4,39.9,64.0,0.0,350.0,3.7,1024.0
666,2020-12-06,26,48.9,42.1,60.1,0.0,11.0,3.1,1025.3
667,2020-12-07,58,56.3,39.0,73.0,0.0,332.0,6.2,1021.2
668,2020-12-08,48,55.4,42.1,73.0,0.0,13.0,1.7,1020.5
669,2020-12-09,127,51.8,39.0,64.0,0.0,355.0,2.7,1018.0
670,2020-12-10,112,51.4,43.0,66.9,0.0,4.0,4.4,1017.5
671,2020-12-11,34,48.7,41.0,57.9,0.0,77.0,5.3,1021.4
672,2020-12-12,22,53.2,48.9,59.0,0.0,357.0,5.0,1020.0
673,2020-12-13,62,54.0,48.0,60.1,0.0,186.0,8.0,1021.8
674,2020-12-14,85,48.7,43.0,55.9,0.0,331.0,4.8,1024.9
675,2020-12-15,37,48.9,41.0,59.0,0.0,337.5,2.2,1026.5
676,2020-12-16,49,50.5,39.9,62.1,0.0,344.0,2.5,1022.4
677,2020-12-17,64,52.9,46.9,57.0,0.0,313.0,8.9,1018.1
678,2020-12-18,65,48.9,39.0,62.1,0.0,355.0,4.5,1025.4
679,2020-12-19,33,47.3,39.0,60.1,0.0,344.0,3.2,1028.4
680,2020-12-20,12,46.9,36.0,62.1,0.0,348.0,1.9,1025.3
681,2020-12-21,153,46.6,36.0,60.1,0.0,352.0,2.4,1019.0
682,2020-12-22,139,50.9,43.0,60.1,0.0,322.0,7.5,1021.3
683,2020-12-23,26,49.6,39.9,60.1,0.0,334.5,2.9,1023.4
684,2020-12-24,13,47.8,39.0,57.9,0.0143333333333333,347.0,1.7,1023.6
685,2020-12-25,18,54.9,45.0,63.0,0.0286666666666666,141.0,9.1,1019.4
686,2020-12-26,26,53.2,46.9,59.0,0.043,345.0,4.5,1016.3666666666668
687,2020-12-27,26,50.9,45.0,61.0,0.0,161.0,4.5,1013.3333333333331
688,2020-12-28,161,50.0,44.1,57.0,0.0,315.0,4.8,1010.3
689,2020-12-29,36,48.4,39.0,61.0,0.0,347.0,2.5,1023.5
690,2020-12-30,15,46.6,35.1,57.0,0.0,1.0,4.3,1026.4
691,2020-12-31,24,50.4,44.1,59.0,0.0,332.0,7.2,1023.9
692,2021-01-01,37,48.9,39.0,63.0,0.0,58.0,2.7,1021.4
693,2021-01-02,8,52.7,46.9,57.9,0.031,133.0,5.8,1023.8
694,2021-01-03,63,52.9,51.1,57.0,0.0,355.0,2.2,1023.5
695,2021-01-04,41,55.0,46.9,60.1,0.165,175.0,8.7,1021.2
696,2021-01-05,87,48.6,42.1,55.9,0.0,358.0,2.9,1024.6
697,2021-01-06,65,47.5,37.0,61.0,0.0,339.0,3.3,1023.4
698,2021-01-07,140,49.3,43.0,59.0,0.0,24.0,2.1,1023.1
699,2021-01-08,60,52.2,46.9,60.1,0.0,325.0,5.2,1024.6
700,2021-01-09,11,50.2,41.0,61.0,0.0,338.0,3.3,1024.5
701,2021-01-10,40,48.9,39.9,63.0,0.0,346.0,3.4,1024.8
702,2021-01-11,59,49.8,39.9,62.1,0.0,344.0,4.2,1023.9
703,2021-01-12,42,53.4,45.0,62.1,0.0,348.0,3.2,1025.7
704,2021-01-13,127,55.9,45.0,69.1,0.0,341.0,3.4,1027.8
705,2021-01-14,183,56.5,45.0,71.1,0.0,357.0,3.9,1026.4
706,2021-01-15,140,54.9,43.0,69.1,0.0,352.0,3.7,1025.3
707,2021-01-16,33,56.1,45.0,70.0,0.0,347.0,2.7,1021.4
708,2021-01-17,157,58.5,45.0,77.0,0.0,355.0,2.5,1018.4
709,2021-01-18,40,66.2,52.0,77.0,0.0,331.0,9.9,1013.4
710,2021-01-19,81,59.0,52.0,68.0,0.0,341.0,12.7,1014.0
711,2021-01-20,125,52.7,41.0,66.9,0.0,40.0,3.4,1018.8
712,2021-01-21,158,49.8,39.0,63.0,0.0,352.0,4.0,1017.4
713,2021-01-22,119,48.9,46.0,52.0,0.256,170.0,5.3,1013.1
714,2021-01-23,91,47.7,41.0,55.0,0.0,339.0,5.2,1014.1
715,2021-01-24,193,45.0,37.0,52.0,0.181,175.0,6.0,1013.1
716,2021-01-25,89,46.8,44.1,53.1,0.0,312.0,15.3,1010.5
717,2021-01-26,188,43.5,33.1,51.1,0.122,145.0,12.7,1012.7
718,2021-01-27,91,48.4,46.0,52.0,1.142,140.0,18.8,1007.3
719,2021-01-28,80,49.8,46.9,51.1,1.413,133.0,10.1,1007.4
720,2021-01-29,186,48.4,41.0,55.9,0.13,9.0,4.5,1013.2
721,2021-01-30,21,51.4,43.0,62.1,0.0,154.0,4.2,1021.3
722,2021-01-31,198,56.7,48.9,64.9,0.0,151.0,4.7,1020.3
723,2021-02-01,207,55.8,46.9,63.0,0.0,187.0,8.9,1016.5
724,2021-02-02,248,54.9,48.9,60.1,0.118,134.0,7.8,1019.4
725,2021-02-03,74,49.8,41.0,57.9,0.0,335.0,5.2,1023.7
726,2021-02-04,227,52.2,45.0,61.0,0.0,296.0,5.8,1023.9
727,2021-02-05,59,52.2,39.9,70.0,0.0,3.0,4.3,1022.3
728,2021-02-06,64,53.6,41.0,70.0,0.0,345.0,2.9,1018.9
729,2021-02-07,128,52.7,42.1,66.9,0.0,341.0,3.5,1015.4
730,2021-02-08,185,50.2,39.9,60.1,0.0,345.0,3.5,1014.7
731,2021-02-09,332,54.0,48.9,62.1,0.0,343.0,3.4,1016.8
732,2021-02-10,118,53.2,46.0,63.0,0.0,336.0,4.9,1019.1
733,2021-02-11,92,52.2,45.0,61.0,0.228,55.0,4.1,1017.8
734,2021-02-12,282,53.6,48.9,60.1,0.008,324.0,9.6,1017.4
735,2021-02-13,29,54.1,50.0,60.1,0.039,325.0,10.0,1017.4
736,2021-02-14,122,51.6,43.0,57.0,0.0,14.0,4.3,1019.2
737,2021-02-15,30,54.5,51.1,61.0,0.079,102.0,9.2,1019.1
738,2021-02-16,88,50.7,44.1,57.0,0.0,325.0,7.7,1021.3
739,2021-02-17,224,50.7,39.0,63.0,0.0,328.0,5.8,1022.5
740,2021-02-18,41,52.7,37.9,66.9,0.0,7.0,4.8,1026.6
741,2021-02-19,204,55.2,48.9,64.9,0.0,102.0,8.9,1026.1
742,2021-02-20,54,52.0,46.9,60.1,0.087,309.0,10.0,1027.5
743,2021-02-21,116,52.5,42.1,64.0,0.0,344.0,4.2,1030.0
744,2021-02-22,75,56.5,45.0,72.0,0.0,354.0,3.6,1025.0
745,2021-02-23,127,59.5,46.0,78.1,0.0,337.0,5.0,1020.0
746,2021-02-24,105,57.6,43.0,71.1,0.0,351.0,6.8,1021.7
747,2021-02-25,286,56.7,46.9,66.9,0.0,321.0,9.2,1023.7
748,2021-02-26,179,51.4,42.1,62.1,0.0,334.0,6.5,1021.3
749,2021-02-27,17,51.8,43.0,62.1,0.0,326.0,9.2,1020.9
750,2021-02-28,181,54.5,41.0,68.0,0.0,8.0,5.5,1021.6
751,2021-03-01,104,57.2,43.0,70.0,0.0,184.0,6.8,1019.2
752,2021-03-02,37,54.0,43.0,66.0,0.0,343.0,5.0,1013.2
753,2021-03-03,186,55.2,48.0,69.1,0.0,317.0,5.0,1010.1
754,2021-03-04,201,53.8,44.1,66.9,0.0,127.0,7.1,1022.8
755,2021-03-05,266,55.6,44.1,66.9,0.0,175.0,8.0,1020.4
756,2021-03-06,151,51.6,46.9,59.0,0.217,332.0,8.5,1020.5
757,2021-03-07,110,50.4,39.0,61.0,0.0,339.0,6.8,1019.7
758,2021-03-08,361,50.9,44.1,59.0,0.0,209.0,6.2,1022.0
759,2021-03-09,324,49.8,44.1,59.0,0.209,158.0,9.8,1019.3
760,2021-03-10,89,46.9,44.1,52.0,0.681,138.0,6.5,1014.3
761,2021-03-11,203,48.2,44.1,57.0,0.024,327.0,6.4,1018.4
762,2021-03-12,382,51.8,39.0,66.0,0.0,332.0,6.0,1021.1
763,2021-03-13,142,50.5,44.1,59.0,0.0,345.0,6.3,1025.7
764,2021-03-14,82,49.25,44.1,56.05,0.0195,322.5,9.6,1021.45
765,2021-03-15,650,48.0,44.1,53.1,0.039,300.0,12.9,1017.2
766,2021-03-16,405,48.0,37.0,60.1,0.0,3.0,6.5,1018.0
767,2021-03-17,241,47.8,39.0,57.0,0.0,333.0,4.2,1019.5
768,2021-03-18,219,54.0,50.0,60.1,0.228,174.0,8.1,1019.1
769,2021-03-19,94,54.5,48.9,60.1,0.008,337.0,5.6,1021.4
770,2021-03-20,123,50.0,39.9,59.0,0.0,340.0,7.7,1025.4
771,2021-03-21,88,51.4,41.0,64.9,0.0,341.0,6.5,1024.5
772,2021-03-22,246,51.6,39.0,62.1,0.0,340.0,7.6,1022.3
773,2021-03-23,124,56.8,46.0,66.0,0.0,324.0,15.3,1017.7
774,2021-03-24,111,57.2,46.0,69.1,0.0,327.0,6.8,1016.3
775,2021-03-25,87,53.6,46.9,62.1,0.0,331.0,6.5,1010.5
776,2021-03-26,127,56.1,42.1,71.1,0.0,335.0,6.7,1016.7
777,2021-03-27,104,60.1,45.0,75.0,0.0,346.0,5.5,1023.8
778,2021-03-28,130,60.3,46.9,75.9,0.0,325.0,6.3,1023.3
779,2021-03-29,153,55.2,46.0,64.0,0.0,340.0,6.2,1017.2
780,2021-03-30,166,62.8,48.0,77.0,0.0,333.0,6.4,1016.0
781,2021-03-31,187,65.1,46.0,82.9,0.0,340.0,4.5,1018.4
782,2021-04-01,384,66.9,50.0,84.9,0.0,352.0,5.7,1014.0
783,2021-04-02,139,58.6,50.0,70.0,0.0,330.0,6.3,1015.9
784,2021-04-03,184,54.5,50.0,63.0,0.0,358.0,7.6,1021.0
785,2021-04-04,133,54.9,50.0,63.0,0.0,322.0,9.1,1021.7
786,2021-04-05,154,54.3,50.0,62.1,0.0,321.0,8.3,1018.2
787,2021-04-06,66,55.2,50.0,66.0,0.0,343.0,6.6,1017.9
788,2021-04-07,39,54.0,50.0,62.1,0.0,339.0,9.2,1021.7
789,2021-04-08,25,54.5,45.0,66.9,0.0,342.0,5.8,1021.7
790,2021-04-09,9,53.4,46.9,62.1,0.0,342.0,7.2,1020.6
791,2021-04-10,396,55.2,44.1,68.0,0.0,344.0,5.8,1018.4
792,2021-04-11,48,55.4,44.1,72.0,0.0,338.0,5.2,1012.7
793,2021-04-12,228,57.2,45.0,73.0,0.0,342.0,4.5,1010.6
794,2021-04-13,267,55.8,48.9,64.0,0.0,294.0,8.1,1011.4
795,2021-04-14,213,57.0,46.0,70.0,0.0,90.0,8.4,1013.9
796,2021-04-15,211,55.9,46.0,66.9,0.0,283.0,8.0,1016.8
797,2021-04-16,136,55.4,48.0,66.0,0.0,339.0,7.6,1016.7
798,2021-04-17,70,57.2,48.9,69.1,0.0,336.0,7.6,1017.4
799,2021-04-18,40,62.8,48.0,82.0,0.0,346.0,5.4,1019.0
800,2021-04-19,127,57.6,50.0,66.9,0.0,332.0,6.5,1018.9
801,2021-04-20,73,54.9,48.0,64.0,0.0,262.0,7.5,1014.1
802,2021-04-21,40,56.7,48.9,68.0,0.0,123.0,9.4,1011.3
803,2021-04-22,8,55.9,51.1,68.0,0.0,29.0,11.2,1013.9
804,2021-04-23,138,57.4,50.0,71.1,0.0,10.0,8.1,1015.8
805,2021-04-24,187,57.2,51.1,66.0,0.0,354.0,7.9,1016.1
806,2021-04-25,3,55.2,48.9,59.0,0.087,275.0,6.2,1012.7
807,2021-04-26,80,52.3,41.0,62.1,0.0,350.0,7.8,1013.6
808,2021-04-27,27,57.4,42.1,72.0,0.0,335.0,6.8,1016.4
809,2021-04-28,82,64.2,48.0,82.0,0.0,340.0,6.7,1021.1
810,2021-04-29,122,62.6,52.0,75.0,0.0,322.0,5.7,1022.6
811,2021-04-30,434,58.8,51.1,69.1,0.0,334.0,7.8,1020.7
812,2021-05-01,207,59.9,52.0,70.0,0.0,356.0,7.9,1017.1
813,2021-05-02,96,59.9,48.9,73.0,0.0,359.0,8.8,1014.0
814,2021-05-03,112,65.5,52.0,82.9,0.0,345.0,7.1,1013.1
815,2021-05-04,147,67.1,57.0,82.0,0.0,336.0,6.5,1013.7
816,2021-05-05,192,64.6,54.0,82.0,0.0,332.0,6.1,1013.2
817,2021-05-06,324,59.4,52.0,70.0,0.0,344.0,8.9,1017.6
818,2021-05-07,100,59.9,50.0,71.1,0.0,348.0,7.3,1017.4
819,2021-05-08,81,65.7,50.0,82.9,0.0,329.0,7.8,1015.8
820,2021-05-09,168,65.5,55.0,81.0,0.0,337.0,8.1,1013.3
821,2021-05-10,110,67.5,54.0,84.0,0.0,334.0,7.3,1011.2
822,2021-05-11,88,66.7,54.0,82.0,0.0,302.0,6.6,1012.1
823,2021-05-12,71,62.6,54.0,73.9,0.0,326.0,6.8,1015.0
824,2021-05-13,113,59.2,52.0,71.1,0.0,320.0,7.1,1016.6
825,2021-05-14,122,58.3,52.0,68.0,0.0,354.0,7.4,1014.5
826,2021-05-15,29,57.9,52.0,66.0,0.0,314.0,6.6,1012.6
827,2021-05-16,81,59.4,54.0,70.0,0.0,159.0,9.3,1013.8
828,2021-05-17,103,58.6,53.1,68.0,0.0,22.0,8.7,1017.6
829,2021-05-18,52,61.0,50.0,73.0,0.0,352.0,7.7,1018.4
830,2021-05-19,76,57.7,50.0,66.0,0.0,318.0,9.3,1016.2
831,2021-05-20,186,56.3,48.0,66.0,0.0,322.0,12.3,1016.7
832,2021-05-21,151,58.8,50.0,70.0,0.0,341.0,8.4,1015.6
833,2021-05-22,46,59.4,50.0,73.0,0.0,127.0,10.9,1017.4
834,2021-05-23,51,57.9,50.0,68.0,0.0,340.0,8.4,1020.4
835,2021-05-24,101,60.8,52.0,73.9,0.0,337.0,7.8,1019.8
836,2021-05-25,78,61.3,54.0,69.1,0.0,354.0,7.3,1018.6
837,2021-05-26,58,60.8,51.1,73.9,0.0,347.0,6.8,1017.3
838,2021-05-27,140,61.0,50.0,71.1,0.0,353.0,6.3,1019.4
839,2021-05-28,81,62.1,54.0,72.0,0.0,335.0,8.1,1016.6
840,2021-05-29,96,58.3,54.0,66.0,0.0,356.0,8.6,1014.7
841,2021-05-30,28,64.4,54.0,82.0,0.0,341.0,6.6,1012.3
842,2021-05-31,39,69.8,57.0,82.9,0.0,324.0,5.8,1011.9
843,2021-06-01,2,66.4,57.9,79.0,0.0,326.0,6.8,1013.3
844,2021-06-02,21,62.4,55.9,73.0,0.0,323.0,6.9,1012.5
845,2021-06-03,21,65.8,54.0,80.1,0.0,344.0,4.8,1010.9
846,2021-06-04,11,64.6,57.0,73.9,0.0,320.0,6.8,1013.6
847,2021-06-05,2,64.9,52.0,80.1,0.0,326.0,7.1,1012.5
848,2021-06-06,4,63.7,53.1,75.9,0.0,50.0,11.3,1010.5
849,2021-06-07,1,60.3,52.0,69.1,0.0,316.0,9.6,1012.9
850,2021-06-08,16,59.0,51.1,68.0,0.0,327.0,9.4,1017.6
851,2021-06-09,8,58.6,51.1,68.0,0.0,311.0,9.7,1020.9
852,2021-06-10,6,59.2,50.0,70.0,0.0,336.0,9.4,1023.2
853,2021-06-11,40,62.1,50.0,73.0,0.0,343.0,8.3,1018.8
854,2021-06-12,7,68.0,60.1,79.0,0.0,332.0,9.0,1014.9
855,2021-06-13,28,68.9,62.1,77.0,0.0,346.0,9.8,1014.1
856,2021-06-14,37,67.8,61.0,75.0,0.0,343.0,9.3,1017.0
857,2021-06-15,28,66.0,55.9,77.0,0.0,336.0,9.9,1018.8
858,2021-06-16,59,72.0,57.0,88.0,0.0,339.0,5.5,1014.3
859,2021-06-17,48,77.4,62.1,93.9,0.0,329.0,5.3,1008.6
860,2021-06-18,48,75.7,63.0,91.9,0.0,321.0,6.2,1006.2
861,2021-06-19,27,71.4,62.1,82.9,0.0,308.0,7.7,1006.9
862,2021-06-20,18,66.4,55.9,78.1,0.0,314.0,6.5,1009.7
863,2021-06-21,40,66.2,57.0,77.0,0.0,328.0,8.0,1012.6
864,2021-06-22,2,68.2,61.0,78.1,0.0,224.0,8.0,1012.1
865,2021-06-23,6,66.9,61.0,77.0,0.0,291.0,9.8,1013.1
866,2021-06-24,12,65.7,60.1,75.9,0.0,345.0,8.3,1016.0
867,2021-06-26,15,66.0,60.1,77.0,0.0,335.0,7.8,1013.1
868,2021-06-27,8,64.6,59.0,73.9,0.0,333.0,7.7,1010.2
869,2021-06-28,11,65.3,59.0,75.0,0.0,335.0,8.7,1009.7
870,2021-06-29,78,66.4,59.0,75.9,0.0,334.0,7.8,1009.5
871,2021-06-30,33,66.2,60.1,75.0,0.0,338.0,7.6,1011.6
872,2021-07-01,3,67.1,59.0,78.1,0.0,349.0,8.7,1012.5
873,2021-07-02,16,66.6,60.1,78.1,0.0,338.0,7.7,1012.7
874,2021-07-03,29,65.5,59.0,75.9,0.0,344.0,7.5,1013.6
875,2021-07-04,73,65.7,59.0,75.9,0.0,316.0,9.3,1014.5
876,2021-07-05,3,64.9,59.0,75.9,0.0,355.0,8.2,1015.2
877,2021-07-06,6,64.2,59.0,73.0,0.0,334.0,8.6,1016.2
878,2021-07-07,1,62.8,57.0,70.0,0.0,337.0,8.3,1013.7
879,2021-07-08,1,69.6,57.0,84.9,0.0,343.0,4.6,1010.2
880,2021-07-09,5,74.3,64.0,86.0,0.0,332.0,6.5,1011.6
881,2021-07-14,11,65.1,55.9,79.0,0.0,349.0,9.4,1013.1
882,2021-07-15,11,62.6,57.0,73.0,0.0,333.0,7.8,1015.1
883,2021-07-16,1,64.4,53.1,78.1,0.0,353.0,6.7,1013.4
884,2021-07-17,3,67.3,54.0,81.0,0.0,289.0,7.7,1013.0
885,2021-07-18,7,70.2,57.9,84.0,0.0,321.0,6.5,1014.4
886,2021-07-19,5,69.6,60.1,82.0,0.0,328.0,6.8,1015.6
887,2021-07-20,6,65.8,57.9,75.0,0.0,330.0,5.3,1016.3
