date,tavg,tmin,tmax,prcp,wdir,wspd,pres
2019-01-01,46.4,39.0,55.0,0.0,143.0,6.6,1022.8
2019-01-02,44.1,34.0,57.0,0.0,143.0,4.0,1024.0
2019-01-03,45.0,34.0,57.9,0.0,143.0,2.7,1022.6
2019-01-04,47.3,37.0,61.0,0.0,143.0,3.1,1015.3
2019-01-05,51.4,46.9,55.0,0.0,143.0,13.2,1008.6
2019-01-06,50.4,46.0,57.9,0.0,143.0,12.6,1014.05
2019-01-07,55.4,48.9,62.1,0.0,142.7,6.2,1019.5
2019-01-08,56.8,52.0,61.0,0.0,142.4,7.0,1015.9
2019-01-09,56.8,51.1,61.0,0.0,142.1,8.6,1017.9
2019-01-10,51.8,44.1,61.0,0.0,141.8,3.2,1020.2
2019-01-11,54.5,45.0,63.0,0.0,141.5,9.4,1013.2
2019-01-12,55.4,50.0,63.0,0.0,141.2,6.6,1014.5
2019-01-13,53.2,45.0,62.1,0.0,140.9,6.3,1015.4
2019-01-14,52.0,48.9,55.9,0.0,140.6,7.6,1011.6
2019-01-15,53.1,51.1,55.9,0.0,140.3,12.600000000000001,1008.9
2019-01-16,57.2,55.0,61.0,0.0,140.0,17.6,1011.6
2019-01-17,57.4,52.0,60.1,0.0,140.8125,7.0,1017.1
2019-01-18,56.8,51.1,64.0,0.0,141.625,2.7,1026.2
2019-01-19,58.6,51.1,68.0,0.0,142.4375,3.3,1026.0
2019-01-20,55.6,48.0,64.0,0.0,143.25,6.8,1018.6
2019-01-21,50.0,44.1,55.9,0.0,144.0625,6.6,1022.9
2019-01-22,50.2,42.1,59.0,0.0,144.875,5.7,1028.6
2019-01-23,49.3,39.0,60.1,0.0,145.6875,3.2,1028.8
2019-01-24,51.4,39.9,63.0,0.0,146.5,5.3,1023.8
2019-01-25,51.6,39.9,64.9,0.0,147.3125,2.9,1023.2
2019-01-26,52.7,42.1,64.9,0.0,148.125,2.1,1024.7
2019-01-27,55.2,46.0,64.9,0.0,148.9375,2.4,1021.6
2019-01-28,56.3,48.9,64.9,0.0,149.75,2.9,1017.0
2019-01-29,55.0,48.9,63.0,0.0,150.5625,4.3,1015.2
2019-01-30,57.0,51.1,66.0,0.0,151.375,3.4,1012.7
2019-01-31,56.3,52.0,63.0,0.0,152.1875,4.0,1012.1
2019-02-01,55.4,52.0,59.0,0.0,153.0,13.0,1009.2
2019-02-02,53.4,50.0,59.0,0.0,151.0,18.0,998.7
2019-02-03,53.4,50.0,57.0,0.0,150.9090909090909,9.9,1001.25
2019-02-04,48.9,45.0,55.9,0.0,150.8181818181818,8.0,1003.8
2019-02-05,43.0,37.0,48.9,0.0,150.72727272727272,5.5,1012.2
2019-02-06,44.2,35.1,55.0,0.0,150.63636363636363,5.0,1021.8
2019-02-07,46.0,37.0,57.0,0.0,150.54545454545453,5.2,1024.3
2019-02-08,47.5,42.1,53.1,0.0,150.45454545454547,8.2,1017.3
2019-02-09,48.0,37.9,54.0,0.0,150.36363636363637,7.6,1013.6
2019-02-10,46.2,39.9,51.1,0.0,150.27272727272728,7.4,1016.5
2019-02-11,45.0,37.0,54.0,0.0,150.1818181818182,4.9,1022.8
2019-02-12,46.9,37.0,55.0,0.0,150.0909090909091,7.3,1015.5
2019-02-13,55.6,48.0,62.1,0.0,150.0,19.0,1015.6
2019-02-14,55.4,50.0,62.1,0.0,185.0,10.7,1015.6999999999999
2019-02-15,47.8,43.0,52.0,0.0,205.66666666666666,6.3,1015.8
2019-02-16,46.9,43.0,52.0,0.0,226.33333333333334,8.0,1021.2
2019-02-17,46.0,39.9,53.1,0.0,247.0,8.9,1017.8
2019-02-18,45.0,36.0,55.0,0.0,267.6666666666667,5.6,1022.4
2019-02-19,45.0,34.0,55.0,0.0,288.33333333333337,5.4,1022.4
2019-02-20,49.8,46.0,55.0,0.0,309.0,12.8,1013.2
2019-02-21,47.8,39.9,55.0,0.0,331.0,12.5,1007.8
2019-02-22,46.8,37.0,55.0,0.0,295.2,6.6,1019.0
2019-02-23,46.2,34.0,57.0,0.0,259.4,4.8,1025.9
2019-02-24,50.4,43.0,60.1,0.0,223.60000000000002,4.2,1022.5
2019-02-25,52.9,48.0,55.9,0.01875,187.8,10.2,1016.5
2019-02-26,55.6,53.1,60.1,0.0375,152.0,15.2,1015.8
2019-02-27,55.9,51.1,64.0,0.056249999999999994,152.375,13.4,1015.1
2019-02-28,52.0,48.0,57.9,0.075,152.75,5.8,1020.3
2019-03-01,51.3,44.1,59.0,0.06818181818181818,153.125,1.7,1017.6
2019-03-02,57.4,51.1,64.9,0.06136363636363636,153.5,2.6666666666666665,1010.3
2019-03-03,55.2,52.0,62.1,0.05454545454545454,153.875,3.633333333333333,1017.0
2019-03-04,52.9,48.9,57.9,0.04772727272727273,154.25,4.6,1019.0
2019-03-05,54.5,51.1,59.0,0.04090909090909091,154.625,8.6,1011.0
2019-03-06,55.4,53.1,61.0,0.03409090909090909,155.0,14.1,1007.0
2019-03-07,50.7,46.9,54.0,0.027272727272727275,151.33333333333334,5.0,1016.1
2019-03-08,48.2,43.0,55.0,0.020454545454545454,147.66666666666666,7.5,1017.8
2019-03-09,47.1,42.1,53.1,0.013636363636363634,144.0,11.4,1014.5
2019-03-10,49.1,41.55,58.05,0.0068181818181818205,187.5,8.5,1015.75
2019-03-11,51.1,41.0,63.0,0.0,231.0,5.6,1017.0
2019-03-12,50.5,41.0,61.0,0.0,274.5,9.8,1013.8
2019-03-13,52.0,45.0,61.0,0.0,318.0,11.4,1021.2
2019-03-14,52.2,39.9,64.9,0.0,299.77777777777777,6.8,1024.0
2019-03-15,53.6,39.9,66.9,0.0,281.55555555555554,4.9,1022.7
2019-03-16,56.1,43.0,70.0,0.0,263.3333333333333,4.7,1020.4
2019-03-17,58.3,46.0,72.0,0.0,245.11111111111111,3.3,1018.1
2019-03-18,61.3,48.0,78.1,0.0,226.88888888888889,3.0,1014.4
2019-03-19,59.0,51.1,72.0,0.0,208.66666666666669,6.5,1011.7
2019-03-20,55.6,51.1,63.0,0.0,190.44444444444446,8.3,1015.3
2019-03-21,53.1,44.1,63.0,0.0,172.22222222222223,5.6,1019.6
2019-03-22,52.9,46.9,57.9,0.0,154.0,8.1,1021.6
2019-03-23,55.2,48.9,62.1,0.0,156.84615384615384,8.5,1022.0
2019-03-24,53.8,41.0,66.9,0.0,159.69230769230768,4.5,1022.2
2019-03-25,57.2,48.9,66.9,0.0,162.53846153846155,8.6,1018.4
2019-03-26,58.1,51.1,66.0,0.0,165.3846153846154,5.3,1016.0
2019-03-27,58.1,53.1,63.0,0.0,168.23076923076923,11.2,1019.6
2019-03-28,54.7,46.0,64.0,0.0,171.07692307692307,7.5,1023.2
2019-03-29,54.7,46.0,63.0,0.0,173.92307692307693,7.1,1026.5
2019-03-30,55.9,45.0,66.9,0.0,176.76923076923077,6.2,1023.5
2019-03-31,59.4,45.0,73.9,0.0,179.6153846153846,5.3,1020.4
2019-04-01,58.5,50.0,64.9,0.0,182.46153846153845,4.3,1015.4
2019-04-02,58.3,54.0,64.9,0.0,185.30769230769232,6.8,1016.0
2019-04-03,57.6,54.0,62.1,0.0,188.15384615384616,5.8,1016.6
2019-04-04,57.6,55.0,62.1,0.0,191.0,8.9,1016.5
2019-04-05,57.4,53.1,64.0,0.0,184.0,7.0,1016.0
2019-04-06,60.3,53.1,69.1,0.0,177.0,8.4,1019.2
2019-04-07,62.6,53.1,73.9,0.0,214.0,7.1,1024.3
2019-04-08,64.0,55.9,73.0,0.0,251.0,6.5,1022.5
2019-04-09,58.6,54.0,66.0,0.0,288.0,9.6,1023.7
2019-04-10,58.1,48.0,69.1,0.0,325.0,12.7,1024.8
2019-04-11,55.9,50.0,63.0,0.0,317.36842105263156,8.8,1020.6
2019-04-12,57.6,46.9,70.0,0.0,309.7368421052632,8.6,1014.2
2019-04-13,60.6,48.9,75.9,0.0,302.10526315789474,5.7,1015.3
2019-04-14,56.1,50.0,66.0,0.0,294.4736842105263,7.1,1014.7
2019-04-15,55.2,50.0,64.9,0.0,286.8421052631579,4.7,1012.4
2019-04-16,56.8,51.1,64.9,0.0,279.2105263157895,9.4,1016.8
2019-04-17,59.5,48.0,73.0,0.0,271.57894736842104,6.2,1022.3
2019-04-18,65.5,51.1,81.0,0.0,263.9473684210526,4.8,1019.2
2019-04-19,63.7,55.0,75.0,0.0,256.3157894736842,6.4,1017.05
2019-04-20,57.9,53.1,64.0,0.0,248.68421052631578,9.3,1014.9
2019-04-21,57.7,46.9,70.0,0.0,241.05263157894737,7.5,1018.6
2019-04-22,63.3,50.0,81.0,0.0,233.42105263157896,6.3,1017.8
2019-04-23,71.8,55.9,87.1,0.0,225.78947368421052,4.3,1014.7
2019-04-24,72.7,60.1,89.1,0.0,218.1578947368421,5.2,1013.1
2019-04-25,64.8,55.9,77.0,0.0,210.5263157894737,6.4,1013.9
2019-04-26,63.5,52.0,80.1,0.0,202.89473684210526,4.6,1014.2
2019-04-27,61.0,53.1,72.0,0.0,195.26315789473685,8.1,1013.4
2019-04-28,58.8,51.1,71.1,0.0,187.6315789473684,8.9,1010.4
2019-04-29,59.4,52.0,68.0,0.0,180.0,10.5,1009.1
2019-04-30,59.7,54.0,69.1,0.0,186.0,11.1,1013.1
2019-05-01,60.8,48.9,75.0,0.0,189.8095238095238,7.4,1016.4
2019-05-02,62.2,48.9,75.9,0.0,193.61904761904762,6.2,1016.2
2019-05-03,62.1,52.0,75.0,0.0,197.42857142857142,6.0,1014.4
2019-05-04,58.1,51.1,70.0,0.0,201.23809523809524,7.1,1012.5
2019-05-05,58.5,52.0,66.9,0.0155,205.04761904761904,7.4,1010.9
2019-05-06,59.4,53.1,69.1,0.031,208.85714285714286,5.7,1012.7
2019-05-07,60.8,55.9,69.1,0.0,212.66666666666666,7.5,1016.9
2019-05-08,61.0,55.9,73.0,0.0,216.47619047619048,7.9,1014.7
2019-05-09,61.3,57.0,68.0,0.0,220.28571428571428,6.6,1009.1
2019-05-10,63.3,57.0,75.0,0.0,224.0952380952381,7.8,1009.7
2019-05-11,61.9,55.0,72.0,0.0,227.9047619047619,7.6,1014.3
2019-05-12,61.5,55.9,70.0,0.0,231.71428571428572,6.6,1015.2
2019-05-13,60.1,53.1,71.1,0.0,235.52380952380952,7.9,1016.7
2019-05-14,60.4,55.9,66.9,0.0,239.33333333333331,7.0,1016.6
2019-05-15,61.0,57.9,66.9,0.0033333333333333335,243.14285714285714,10.1,1009.7
2019-05-16,56.5,53.1,61.0,0.006666666666666667,246.95238095238096,8.6,1012.1
2019-05-17,56.7,52.0,66.0,0.01,250.76190476190476,7.8,1019.6
2019-05-18,52.9,46.9,60.1,0.013333333333333334,254.57142857142856,9.1,1013.3
2019-05-19,54.1,48.0,61.0,0.016666666666666666,258.3809523809524,5.9,1009.2
2019-05-20,56.7,48.9,66.0,0.02,262.1904761904762,5.8,1014.6
2019-05-21,55.8,51.1,60.1,0.013333333333333332,266.0,10.9,1013.5
2019-05-22,61.0,53.1,71.1,0.006666666666666666,327.0,11.3,1009.7
2019-05-23,62.4,54.0,73.9,0.0,327.1666666666667,8.8,1010.1
2019-05-24,62.2,55.9,72.0,0.0,327.3333333333333,8.9,1015.2
2019-05-25,60.8,55.0,70.0,0.0,327.5,7.5,1010.4
2019-05-26,55.8,53.1,62.1,0.0,327.6666666666667,9.1,1011.5
2019-05-27,57.4,52.0,64.9,0.0,327.8333333333333,6.3,1017.7
2019-05-28,61.0,54.0,72.0,0.0,328.0,7.6,1016.2
2019-05-29,61.9,54.0,75.9,0.0,328.1666666666667,7.5,1012.4
2019-05-30,59.9,55.9,68.0,0.0,328.3333333333333,7.4,1013.2
2019-05-31,64.4,55.0,78.1,0.0,328.5,6.0,1011.9
2019-06-01,65.5,55.9,80.1,0.0,328.6666666666667,6.3,1009.5
2019-06-02,63.9,55.9,75.0,0.0,328.8333333333333,10.0,1011.1
2019-06-03,65.8,57.0,77.0,0.0,329.0,6.4,1012.4
2019-06-04,70.7,57.9,84.9,0.0,329.1666666666667,5.8,1012.0
2019-06-05,70.3,62.1,82.9,0.0,329.3333333333333,6.2,1011.6
2019-06-06,63.9,55.0,73.9,0.0,329.5,8.1,1014.6
2019-06-07,62.8,52.0,73.9,0.0,329.6666666666667,8.8,1015.7
2019-06-08,70.3,55.0,84.0,0.0,329.8333333333333,8.6,1015.0
2019-06-09,77.2,60.1,91.9,0.0,330.0,3.7,1014.9
2019-06-10,83.3,69.1,100.0,0.0,330.1666666666667,5.0,1014.7
2019-06-11,84.0,66.9,99.0,0.0,330.3333333333333,6.0,1014.3
2019-06-12,80.4,68.0,93.9,0.0,330.5,6.5,1012.1
2019-06-13,72.30000000000001,62.5,84.45,0.0,330.6666666666667,7.6,1012.8
2019-06-14,64.2,57.0,75.0,0.0,330.8333333333333,7.4,1013.6
2019-06-15,61.7,55.9,69.1,0.0,331.0,7.8,1014.4
2019-06-16,62.6,57.0,72.0,0.0,331.1666666666667,6.9,1012.3499999999999
2019-06-17,66.4,55.0,81.0,0.0,331.3333333333333,8.9,1010.3
2019-06-18,68.0,57.9,79.0,0.0,331.5,9.0,1012.7
2019-06-19,66.4,57.9,79.0,0.0,331.6666666666667,9.1,1013.2
2019-06-20,66.9,60.1,77.0,0.0,331.8333333333333,10.2,1011.6
2019-06-21,66.4,57.0,79.0,0.0,332.0,8.9,1012.0
2019-06-22,71.2,57.0,88.0,0.0,332.1666666666667,7.7,1013.4
2019-06-23,73.9,60.1,89.1,0.0,332.3333333333333,6.1,1013.4
2019-06-24,70.2,59.0,84.0,0.0,332.5,7.1,1011.1
2019-06-25,68.2,57.0,81.0,0.0,332.6666666666667,8.1,1010.9
2019-06-26,64.8,57.9,73.0,0.0,332.8333333333333,9.3,1015.4
2019-06-27,64.0,55.9,73.0,0.0,333.0,11.1,1018.4
2019-06-28,65.5,60.1,75.9,0.0,325.8181818181818,6.8,1017.0
2019-06-29,64.2,53.1,75.9,0.0,318.6363636363636,6.3,1017.1
2019-06-30,64.6,57.0,75.0,0.0,311.45454545454544,7.8,1017.1
2019-07-01,65.3,55.9,75.9,0.0,304.27272727272725,7.15,1017.2
2019-07-02,65.7,57.0,75.0,0.0,297.0909090909091,6.5,1015.0
2019-07-03,65.1,55.9,78.1,0.0,289.9090909090909,8.0,1013.2
2019-07-04,64.9,55.9,77.0,0.0,282.72727272727275,7.6,1013.6
2019-07-05,65.7,55.0,80.1,0.0,275.54545454545456,7.1,1015.6
2019-07-06,66.2,55.0,81.0,0.0,268.3636363636364,6.6,1015.3
2019-07-07,64.4,55.9,75.9,0.0,261.1818181818182,7.5,1013.7
2019-07-08,63.0,57.0,72.0,0.0,254.0,9.1,1015.9
2019-07-09,65.5,60.0,74.5,0.0,246.8181818181818,8.566666666666666,1017.2
2019-07-10,68.0,63.0,77.0,0.0,239.63636363636363,8.033333333333333,1018.5
2019-07-11,68.5,61.0,79.0,0.0,232.45454545454544,7.5,1017.3
2019-07-12,67.1,59.0,80.1,0.0,225.27272727272728,6.8,1013.6
2019-07-13,66.4,57.9,77.0,0.0,218.0909090909091,6.9,1012.4
2019-07-14,68.2,59.0,78.1,0.0,210.9090909090909,6.3,1015.4
2019-07-15,71.6,62.1,84.9,0.0,203.72727272727272,7.6,1015.7
2019-07-16,70.2,60.1,82.9,0.0,196.54545454545456,6.9,1013.1
2019-07-17,69.6,57.9,84.9,0.0,189.36363636363637,9.4,1012.1
2019-07-18,69.69999999999999,58.45,83.9,0.0,182.1818181818182,10.25,1011.85
2019-07-19,69.8,59.0,82.9,0.0,175.0,11.1,1011.6
2019-07-20,67.3,60.1,78.1,0.0,175.21428571428572,8.5,1012.7
2019-07-21,69.1,59.0,82.0,0.0,175.42857142857142,7.5,1012.8
2019-07-22,72.3,62.1,86.0,0.0,175.64285714285714,6.4,1013.8
2019-07-23,70.2,61.0,80.1,0.0,175.85714285714286,7.4,1015.8
2019-07-24,75.4,62.1,91.9,0.0,176.07142857142858,6.6,1014.4
2019-07-25,73.8,64.0,84.9,0.0,176.28571428571428,7.1,1013.0
2019-07-26,68.9,60.1,81.0,0.0,176.5,7.4,1015.8
2019-07-27,73.4,59.0,89.1,0.0,176.71428571428572,5.5,1015.7
2019-07-28,76.1,66.0,88.0,0.0,176.92857142857142,7.0,1012.8
2019-07-29,67.6,58.1,80.1,0.0,177.14285714285714,9.6,1013.9
2019-07-30,66.2,59.0,77.0,0.0,177.35714285714286,6.9,1014.1
2019-07-31,67.5,57.0,82.9,0.0,177.57142857142858,8.2,1013.9
2019-08-01,65.8,55.9,75.0,0.0,177.78571428571428,9.3,1015.45
2019-08-02,68.7,61.0,80.1,0.0,178.0,7.6,1017.0
2019-08-03,70.2,61.0,82.9,0.0,178.21428571428572,6.3,1014.0
2019-08-04,70.2,63.0,82.9,0.0,178.42857142857142,7.4,1014.4
2019-08-05,70.5,62.1,86.0,0.0,178.64285714285714,5.7,1014.3
2019-08-06,70.0,61.0,86.0,0.0,178.85714285714286,6.7,1012.7
2019-08-07,66.9,59.0,77.0,0.0,179.07142857142858,8.0,1013.9
2019-08-08,67.1,59.0,77.0,0.0,179.28571428571428,7.0,1015.4
2019-08-09,70.0,61.0,81.0,0.0,179.5,7.5,1014.4
2019-08-10,71.4,64.0,80.1,0.0,179.71428571428572,8.9,1014.8
2019-08-11,71.2,61.0,84.9,0.0,179.92857142857142,9.1,1016.4
2019-08-12,73.4,62.1,89.1,0.0,180.14285714285714,7.1,1014.8
2019-08-13,74.7,62.1,90.0,0.0,180.35714285714286,5.8,1014.0
2019-08-14,80.1,66.0,97.0,0.0,180.57142857142858,5.65,1013.6
2019-08-15,82.8,68.0,98.1,0.0,180.78571428571428,5.5,1012.1
2019-08-16,77.5,66.9,91.9,0.0,181.0,7.5,1009.9
2019-08-17,69.1,60.1,82.9,0.0,181.21428571428572,8.025,1009.5
2019-08-18,67.6,60.1,78.1,0.0,181.42857142857142,8.55,1010.9
2019-08-19,66.0,60.1,78.1,0.0,181.64285714285714,9.075,1013.5
2019-08-20,66.7,61.0,75.9,0.0,181.85714285714286,9.6,1016.1
2019-08-21,70.7,59.0,84.0,0.0,182.07142857142858,6.4,1014.0
2019-08-22,74.5,66.0,87.1,0.0,182.28571428571428,6.7,1008.6
2019-08-23,71.2,64.0,82.9,0.0,182.5,7.1,1008.4
2019-08-24,70.0,63.0,79.0,0.0,182.71428571428572,7.5,1012.8
2019-08-25,72.0,62.1,82.9,0.0,182.92857142857142,6.8,1014.6
2019-08-26,73.2,61.0,90.0,0.0,183.14285714285714,6.5,1012.0
2019-08-27,72.5,62.1,86.0,0.0,183.35714285714286,6.3,1010.0
2019-08-28,71.6,64.05,82.5,0.0,183.57142857142858,7.300000000000001,1013.25
2019-08-29,70.7,66.0,79.0,0.0,183.78571428571428,8.3,1016.5
2019-08-30,69.4,61.0,80.1,0.0,184.0,5.8,1014.95
2019-08-31,72.3,60.1,90.0,0.0,184.21428571428572,4.8,1013.4
2019-09-01,73.8,63.0,87.1,0.0,184.42857142857142,6.1,1012.8
2019-09-02,70.3,63.0,80.1,0.0,184.64285714285714,7.5,1014.2
2019-09-03,68.4,60.1,80.1,0.0,184.85714285714286,7.0,1014.8
2019-09-04,69.1,61.0,84.0,0.0,185.07142857142858,6.7,1011.9
2019-09-05,66.0,61.0,75.0,0.0,185.28571428571428,8.8,1015.3
2019-09-06,67.1,61.0,75.9,0.0,185.5,7.8,1018.1
2019-09-07,65.3,60.1,71.1,0.0,185.71428571428572,8.6,1017.5
2019-09-08,66.7,57.0,75.9,0.0,185.92857142857142,7.3,1015.7
2019-09-09,66.7,57.0,78.1,0.0,186.14285714285714,7.6,1014.0
2019-09-10,66.4,57.0,75.9,0.0,186.35714285714286,6.7,1013.2
2019-09-11,70.55000000000001,58.55,83.45,0.0,186.57142857142858,6.1,1014.45
2019-09-12,74.7,60.1,91.0,0.0,186.78571428571428,5.5,1015.7
2019-09-13,78.6,63.0,96.1,0.0,187.0,5.3,1014.3
2019-09-14,73.0,63.0,86.0,0.0,187.21428571428572,6.9,1012.9
2019-09-15,67.3,59.0,77.0,0.0,187.42857142857142,7.8,1012.1
2019-09-16,67.1,62.1,73.9,0.0,187.64285714285714,8.6,1013.9
2019-09-17,65.8,57.0,77.0,0.0,187.85714285714286,7.0,1016.6
2019-09-18,66.0,59.0,75.9,0.0,188.07142857142858,7.3,1014.3
2019-09-19,65.8,57.0,78.1,0.0,188.28571428571428,6.4,1013.6
2019-09-20,69.1,55.9,82.9,0.0,188.5,6.0,1013.4
2019-09-21,71.6,59.0,86.0,0.0,188.71428571428572,5.7,1013.1
2019-09-22,68.9,59.0,81.0,0.0,188.92857142857142,5.3,1012.8
2019-09-23,70.0,60.1,82.9,0.0,189.14285714285714,6.5,1013.9
2019-09-24,76.6,61.0,95.0,0.0,189.35714285714286,5.2,1013.6
2019-09-25,80.1,66.0,98.1,0.0,189.57142857142858,4.3,1007.8
2019-09-26,73.2,66.9,82.0,0.0,189.78571428571428,13.2,1009.95
2019-09-27,68.0,59.0,75.9,0.0,190.0,10.9,1012.1
2019-09-28,60.4,54.0,69.1,0.0,189.203125,10.4,1008.9
2019-09-29,58.5,48.9,68.0,0.0,188.40625,7.3,1013.0
2019-09-30,58.5,52.0,66.9,0.0,187.609375,8.4,1014.9
2019-10-01,57.9,46.9,69.1,0.0,186.8125,6.1,1015.0
2019-10-02,60.8,48.9,75.9,0.0,186.015625,6.3,1015.9
2019-10-03,59.5,48.9,72.0,0.0,185.21875,5.7,1015.8
2019-10-04,59.7,48.0,75.0,0.0,184.421875,6.0,1019.5
2019-10-05,63.5,50.0,80.1,0.0,183.625,5.0,1018.7
2019-10-06,68.0,52.0,84.9,0.0,182.828125,3.0,1016.0
2019-10-07,70.5,57.9,87.1,0.0,182.03125,4.3,1014.0
2019-10-08,67.8,55.0,86.0,0.0,181.234375,4.5,1011.2
2019-10-09,62.8,55.0,73.0,0.0,180.4375,7.3,1011.9
2019-10-10,65.7,55.0,78.1,0.0,179.640625,5.8,1014.3
2019-10-11,63.7,50.0,80.1,0.0,178.84375,3.4,1015.2
2019-10-12,63.3,48.0,79.0,0.0,178.046875,4.7,1012.3
2019-10-13,61.0,50.0,75.0,0.0,177.25,4.7,1010.9
2019-10-14,58.6,46.9,73.9,0.0,176.453125,4.4,1014.3
2019-10-15,58.6,51.1,71.1,0.0,175.65625,4.2,1017.7
2019-10-16,58.8,50.0,69.1,0.0,174.859375,3.9,1015.1
2019-10-17,61.7,57.0,69.1,0.0,174.0625,10.7,1014.2
2019-10-18,59.0,48.0,70.0,0.0,173.265625,5.3,1018.1
2019-10-19,58.6,48.0,73.0,0.0,172.46875,5.3,1018.6
2019-10-20,61.7,53.1,73.9,0.0,171.671875,6.0,1019.5
2019-10-21,65.8,53.1,82.9,0.0,170.875,4.8,1020.3
2019-10-22,69.1,54.0,84.9,0.0,170.078125,4.9,1020.0
2019-10-23,70.7,57.0,84.9,0.0,169.28125,3.7,1014.9
2019-10-24,71.8,55.9,90.0,0.0,168.484375,2.4,1015.9
2019-10-25,70.2,57.0,88.0,0.0,167.6875,4.4,1017.6
2019-10-26,64.9,55.0,82.0,0.0,166.890625,4.6,1010.6
2019-10-27,62.1,53.1,71.1,0.0,166.09375,11.7,1010.7
2019-10-28,58.6,46.0,71.1,0.0,165.296875,5.2,1016.7
2019-10-29,56.7,44.1,73.0,0.0,164.5,5.2,1014.2
2019-10-30,56.7,44.1,70.0,0.0,163.703125,3.7,1019.8
2019-10-31,56.3,43.0,73.0,0.0,162.90625,3.8,1022.4
2019-11-01,57.0,43.0,73.9,0.0,162.109375,4.0,1020.4
2019-11-02,57.6,42.1,75.9,0.0,161.3125,2.7,1019.0
2019-11-03,59.0,45.0,78.1,0.0,160.515625,2.9,1015.6
2019-11-04,59.0,48.0,73.9,0.0,159.71875,2.9,1015.2
2019-11-05,58.5,46.9,72.0,0.0,158.921875,3.0,1016.7
2019-11-06,56.3,50.0,66.0,0.0,158.125,3.0,1016.4
2019-11-07,55.6,50.0,66.0,0.0,157.328125,3.2,1019.1
2019-11-08,56.8,52.0,68.0,0.0,156.53125,2.9,1021.7
2019-11-09,55.9,51.1,66.0,0.0,155.734375,3.9,1020.1
2019-11-10,57.0,51.1,69.1,0.0,154.9375,3.5,1017.6
2019-11-11,61.2,48.0,77.0,0.0,154.140625,1.6,1016.9
2019-11-12,61.9,51.1,73.9,0.0,153.34375,2.2,1017.1
2019-11-13,57.6,51.1,68.0,0.0,152.546875,2.8,1017.75
2019-11-14,58.8,53.1,64.0,0.0,151.75,7.7,1018.4
2019-11-15,60.1,57.0,66.9,0.0,150.953125,7.2,1021.6
2019-11-16,60.3,55.9,70.0,0.0,150.15625,2.2,1020.0
2019-11-17,60.3,48.9,73.9,0.0,149.359375,1.6,1017.9
2019-11-18,60.3,48.9,73.9,0.0,148.5625,2.9,1013.3
2019-11-19,57.6,53.1,66.0,0.0,147.765625,7.3,1007.4
2019-11-20,57.2,48.9,68.0,0.0,146.96875,5.8,1000.8
2019-11-21,54.7,45.0,66.0,0.0,146.171875,5.2,1011.2
2019-11-22,54.7,46.0,66.0,0.0,145.375,3.7,1020.9
2019-11-23,54.9,44.1,68.0,0.0,144.578125,3.0,1022.5
2019-11-24,54.7,44.1,69.1,0.0,143.78125,4.1,1020.6
2019-11-25,52.3,42.1,64.0,0.0,142.984375,9.6,1017.9
2019-11-26,48.2,41.0,55.0,0.0,142.1875,8.2,1009.45
2019-11-27,45.7,43.0,50.0,0.0,141.390625,6.1,1001.0
2019-11-28,44.1,37.0,50.0,0.0,140.59375,5.3,1002.3
2019-11-29,44.8,36.0,54.0,0.0,139.796875,4.9,1010.3
2019-11-30,47.8,42.1,52.0,0.0,139.0,19.2,1014.2
2019-12-01,54.1,52.0,55.9,0.0,138.0,25.6,1011.8
2019-12-02,56.1,53.1,59.0,0.0,142.5,14.3,1013.0749999999999
2019-12-03,54.7,48.0,61.0,0.0,147.0,1.7,1014.3499999999999
2019-12-04,55.4,53.1,59.0,0.0,151.5,3.3,1015.625
2019-12-05,55.8,46.9,62.1,0.0,156.0,3.4,1016.9
2019-12-06,59.7,53.1,66.9,0.0,160.5,12.7,1015.6
2019-12-07,60.1,57.0,64.9,0.0,165.0,12.0,1014.3
2019-12-08,56.7,54.0,61.0,0.0,163.0,5.6,1016.4
2019-12-09,54.5,52.0,57.9,0.0,161.0,4.3,1019.8499999999999
2019-12-10,55.0,48.9,62.1,0.0,159.0,4.0,1023.3
2019-12-11,58.6,54.0,63.0,0.0,157.0,9.2,1022.8
2019-12-12,62.1,59.0,68.0,0.0,155.14285714285714,7.3,1024.6
2019-12-13,59.2,55.9,62.1,0.0,153.28571428571428,4.7,1021.5
2019-12-14,53.4,48.9,57.9,0.0,151.42857142857142,8.0,1018.4
2019-12-15,49.8,44.1,55.9,0.0,149.57142857142858,6.0,1022.6
2019-12-16,47.5,39.9,59.0,0.0,147.71428571428572,3.2,1026.1
2019-12-17,48.6,39.9,60.1,0.0,145.85714285714286,3.2,1021.0
2019-12-18,53.4,50.0,57.0,0.0,144.0,11.2,1016.8
2019-12-19,54.3,48.9,62.1,0.0,142.14285714285714,3.9,1022.7
2019-12-20,53.1,46.0,64.0,0.0,140.28571428571428,1.6,1022.4
2019-12-21,53.1,46.0,60.1,0.0,138.42857142857142,6.3,1014.6
2019-12-22,53.2,46.0,57.0,0.0,136.57142857142856,10.7,1008.3
2019-12-23,46.6,39.9,54.0,0.0,134.71428571428572,3.6,1012.2
2019-12-24,46.4,39.9,52.0,0.0,132.85714285714286,5.0,1013.2
2019-12-25,49.6,46.0,54.0,0.0,131.0,10.6,1009.1
2019-12-26,50.2,43.0,57.0,0.0,332.0,8.3,1012.8
2019-12-27,45.5,35.1,57.0,0.0,331.42857142857144,3.6,1018.0
2019-12-28,46.9,37.0,61.0,0.0,330.85714285714283,2.9,1020.7
2019-12-29,49.5,44.1,55.9,0.0,330.2857142857143,6.4,1018.9
2019-12-30,51.1,46.0,59.0,0.0,329.7142857142857,4.1,1019.4
2019-12-31,50.8,44.05,58.0,0.0,329.14285714285717,5.3,1020.0
2020-01-01,50.5,42.1,57.0,0.0,328.57142857142856,6.5,1020.6
2020-01-02,53.4,46.9,61.0,0.0,328.0,4.5,1020.3
2020-01-03,51.1,42.1,68.0,0.0,2.0,2.7,1022.7
2020-01-04,53.1,45.0,60.1,0.0,23.0,7.5,1028.4
2020-01-05,49.6,42.1,57.9,0.0,329.0,5.5,1033.7
2020-01-06,49.5,39.9,62.1,0.0,316.0,4.8,1031.0
2020-01-07,47.7,37.9,57.0,0.0,357.0,4.1,1022.8
2020-01-08,51.1,46.9,57.0,0.0,331.0,5.6,1020.2
2020-01-09,49.8,44.1,55.9,0.0,333.0,8.7,1018.5
2020-01-10,47.8,37.9,59.0,0.0,335.0,4.0,1025.6
2020-01-11,49.6,45.0,57.0,0.0,337.0,5.7,1024.6
2020-01-12,46.0,39.0,55.0,0.0,7.0,4.2,1022.9
2020-01-13,49.8,39.9,55.9,0.0,13.0,3.4,1022.5
2020-01-14,49.5,43.0,54.0,0.0,19.0,6.0,1023.0
2020-01-15,44.6,36.0,53.1,0.0,25.0,3.5,1017.8
2020-01-16,46.4,42.1,50.0,0.0,135.0,12.0,1012.3
2020-01-17,45.9,37.9,55.9,0.0,244.5,4.0,1025.0
2020-01-18,45.5,39.0,55.9,0.0,354.0,1.4,1026.3
2020-01-19,46.0,37.9,54.0,0.0,346.0,2.1,1020.4
2020-01-20,49.8,45.0,57.0,0.0,216.0,3.5,1017.0
2020-01-21,53.8,48.0,60.1,0.0,152.0,8.5,1020.1
2020-01-22,55.9,52.0,63.0,0.0,252.5,2.4,1023.6
2020-01-23,52.3,45.0,61.0,0.0,353.0,2.4,1022.5
2020-01-24,54.5,46.0,64.9,0.0,334.0,4.2,1024.075
2020-01-25,57.9,52.0,64.9,0.0,340.5,3.9,1025.65
2020-01-26,56.8,48.9,61.0,0.0,347.0,6.4,1027.225
2020-01-27,51.8,44.1,61.0,0.0,5.0,4.2,1028.8
2020-01-28,54.0,50.0,61.0,0.0,357.0,4.5,1027.2666666666667
2020-01-29,53.8,48.0,61.55,0.0,349.0,3.85,1025.7333333333333
2020-01-30,53.6,46.0,62.1,0.0,341.0,3.2,1024.2
2020-01-31,55.6,45.0,68.0,0.0,353.0,2.0,1025.9
2020-02-01,54.1,45.0,66.9,0.0,349.0,2.4,1024.7
2020-02-02,51.8,46.0,57.0,0.0,322.0,14.0,1020.1
2020-02-03,45.9,37.0,55.0,0.0,327.0,7.3,1020.7
2020-02-04,46.4,37.9,55.0,0.0,336.0,7.8,1024.1
2020-02-05,48.2,37.0,62.1,0.0,331.0,4.3,1023.9
2020-02-06,52.7,41.0,66.9,0.0,341.0,2.9,1021.1
2020-02-07,52.2,41.0,66.9,0.0,338.0,3.6,1020.2
2020-02-08,51.8,46.0,60.1,0.0,348.0,4.5,1017.9
2020-02-09,53.8,42.1,62.1,0.0,341.0,12.7,1015.5
2020-02-10,59.0,46.9,71.1,0.0,303.0,8.1,1016.3
2020-02-11,60.1,48.0,73.0,0.0,326.5,6.3,1017.4
2020-02-12,55.4,44.1,70.0,0.0,350.0,4.8,1017.0
2020-02-13,51.4,45.0,60.1,0.0,359.0,7.0,1018.4
2020-02-14,53.8,50.0,63.0,0.0,342.0,3.5,1019.3
2020-02-15,52.9,43.0,64.9,0.0,325.0,4.7,1022.5
2020-02-16,52.7,44.1,61.0,0.0,343.0,5.6,1023.1
2020-02-17,57.2,48.0,71.1,0.0,336.0,5.9,1019.95
2020-02-18,55.2,45.0,69.1,0.0,329.0,4.3,1016.8
2020-02-19,52.3,41.0,66.9,0.0,337.0,3.4,1019.0
2020-02-20,54.9,42.1,69.1,0.0,345.0,3.9,1019.4
2020-02-21,57.2,45.0,66.0,0.0,345.0,1.9,1017.1
2020-02-22,57.6,51.1,66.9,0.0,344.0,8.7,1016.6
2020-02-23,53.1,46.0,61.0,0.0,343.0,4.8,1026.5
2020-02-24,55.6,44.1,69.1,0.0,341.0,4.9,1027.2
2020-02-25,60.3,44.1,77.0,0.0,343.0,5.3,1024.6
2020-02-26,61.0,48.0,75.9,0.0,340.0,4.0,1025.4
2020-02-27,61.5,46.9,78.1,0.0,338.0,3.2,1022.7
2020-02-28,61.2,53.1,75.9,0.0,338.0,5.2,1019.5
2020-02-29,54.0,48.9,61.0,0.0,332.0,7.1,1017.4
2020-03-01,51.3,41.0,60.1,0.0,333.5,6.5,1015.3
2020-03-02,59.7,45.0,73.0,0.0,335.0,10.2,1016.7
2020-03-03,62.1,48.0,75.9,0.0,318.0,6.0,1016.1
2020-03-04,61.9,48.9,77.0,0.0,289.5,4.0,1017.6
2020-03-05,56.7,50.0,66.0,0.0,261.0,7.1,1019.7
2020-03-06,56.8,53.1,66.0,0.0,196.0,7.0,1015.3
2020-03-07,52.5,50.0,55.9,0.0,117.0,7.6,1013.9
2020-03-08,54.15,48.45,60.95,0.0,182.66666666666669,5.8,1016.0999999999999
2020-03-09,55.8,46.9,66.0,0.0,248.33333333333334,4.0,1018.3
2020-03-10,59.7,50.0,66.9,0.0,314.0,4.8,1016.0
2020-03-11,61.9,55.0,72.0,0.0,335.0,7.0,1016.6
2020-03-12,59.7,48.9,73.9,0.0,264.5,4.6,1012.5
2020-03-13,55.9,50.0,64.0,0.0,194.0,11.2,1008.4
2020-03-14,53.4,50.0,59.0,0.0,175.0,9.8,1014.6
2020-03-15,50.0,46.0,54.0,0.0,169.0,7.6,1014.7
2020-03-16,47.5,44.1,55.9,0.0,25.0,4.5,1013.1
2020-03-17,46.8,39.0,57.0,0.0,138.0,6.4,1014.2
2020-03-18,48.4,42.1,54.0,0.0,162.0,4.9,1012.5
2020-03-19,52.2,46.0,60.1,0.0,126.25,3.3,1016.2
2020-03-20,53.2,44.1,63.0,0.0,90.5,4.6,1021.5
2020-03-21,54.1,48.0,61.0,0.0,54.75,3.4,1020.5
2020-03-22,55.2,48.9,66.9,0.0,19.0,3.8,1019.95
2020-03-23,53.2,48.9,57.9,0.0,318.0,6.2,1019.4
2020-03-24,52.9,48.0,57.9,0.0,176.0,6.7,1020.7
2020-03-25,49.3,44.1,55.0,0.0,309.0,5.8,1018.5
2020-03-26,48.6,37.0,57.9,0.0,313.0,7.0,1017.8
2020-03-27,49.3,37.9,59.0,0.0,273.0,5.9,1021.3
2020-03-28,52.0,48.0,57.0,0.0,156.0,4.0,1022.3
2020-03-29,54.9,50.0,62.1,0.0,140.0,7.1,1020.1
2020-03-30,57.2,52.0,66.0,0.0,342.0,5.4,1025.1
2020-03-31,57.0,51.1,66.9,0.0,333.0,6.8,1022.3
2020-04-01,54.3,48.0,63.0,0.0,324.0,9.4,1016.1
2020-04-02,53.8,42.1,66.0,0.0,331.0,7.5,1018.3
2020-04-03,51.8,39.9,63.0,0.0,354.0,6.6,1017.8
2020-04-04,51.8,42.1,60.1,0.0,156.0,8.2,1012.4
2020-04-05,52.3,50.0,55.0,0.0,138.0,7.3,1005.4
2020-04-06,47.7,43.0,51.1,0.0,329.0,3.0,1011.3
2020-04-07,50.9,39.9,63.0,0.0,343.0,6.1,1017.9
2020-04-08,55.8,48.9,64.9,0.0,159.0,6.4,1014.5
2020-04-09,57.4,53.1,63.0,0.0,114.0,5.3,1016.0
2020-04-10,58.6,54.0,66.0,0.0,340.0,9.1,1017.5
2020-04-11,56.7,53.1,64.0,0.0,319.0,6.2,1017.1
2020-04-12,57.4,52.0,66.9,0.0,327.3333333333333,4.6,1016.8
2020-04-13,59.7,52.0,70.0,0.0,335.6666666666667,5.5,1019.45
2020-04-14,62.4,48.0,77.0,0.0,344.0,5.2,1022.1
2020-04-15,63.3,50.0,81.0,0.0,322.0,6.2,1017.6
2020-04-16,57.7,53.1,66.9,0.0,349.0,6.3,1013.0
2020-04-17,58.6,55.0,66.9,0.0,182.0,6.8,1013.8
2020-04-18,59.0,55.0,68.0,0.0,238.0,8.2,1017.5
2020-04-19,57.9,48.0,68.0,0.0,346.0,6.6,1018.0
2020-04-20,57.7,54.0,64.0,0.0,335.0,8.7,1019.6
2020-04-21,58.6,54.0,70.0,0.0,325.0,7.8,1023.4
2020-04-22,61.2,48.9,75.9,0.0,345.0,7.5,1024.9
2020-04-23,63.9,55.9,75.9,0.0,340.0,8.9,1022.6
2020-04-24,66.6,54.0,82.9,0.0,334.0,6.6,1018.9
2020-04-25,68.0,55.9,84.0,0.0,344.0,5.9,1017.1
2020-04-26,63.5,53.1,75.9,0.0,340.0,7.9,1017.5
2020-04-27,63.5,52.0,75.9,0.0,342.0,7.7,1019.7
2020-04-28,66.7,55.9,84.0,0.0,336.0,6.5,1017.9
2020-04-29,61.3,55.0,69.1,0.0,344.0,7.8,1017.5
2020-04-30,61.7,53.1,75.0,0.0,351.0,7.8,1019.2
2020-05-01,61.9,50.0,73.9,0.0,345.0,8.8,1018.8
2020-05-02,63.3,55.0,73.0,0.0,339.0,6.8,1019.95
2020-05-03,61.2,52.0,70.0,0.0,333.0,9.3,1021.1
2020-05-04,61.2,46.9,79.0,0.0,338.0,6.6,1020.8
2020-05-05,61.9,50.0,75.0,0.0,349.0,8.3,1020.4
2020-05-06,64.9,52.0,81.0,0.0,338.0,8.5,1020.6
2020-05-07,69.4,52.0,86.0,0.0,337.0,6.0,1014.2
2020-05-08,71.1,55.9,90.0,0.0,338.0,4.8,1011.3
2020-05-09,62.8,55.0,75.9,0.0,330.0,7.0,1012.6
2020-05-10,62.2,54.0,73.0,0.0,256.0,8.3,1013.1500000000001
2020-05-11,62.2,53.1,73.9,0.0,182.0,12.9,1013.7
2020-05-12,61.2,55.9,68.0,0.0,242.0,9.9,1015.4
2020-05-13,60.4,50.0,69.1,0.0,223.0,5.9,1017.6
2020-05-14,62.8,54.0,73.0,0.0,275.0,6.2,1019.3
2020-05-15,64.0,57.0,73.0,0.0,327.0,10.3,1018.7
2020-05-16,65.7,55.9,75.9,0.0,356.0,6.7,1014.3
2020-05-17,65.5,62.1,73.9,0.0,161.0,12.0,1010.4
2020-05-18,61.9,55.9,69.1,0.0,232.0,9.1,1012.8
2020-05-19,59.9,51.1,71.1,0.0,268.0,9.0,1017.1
2020-05-20,61.7,57.0,71.1,0.0,296.0,8.3,1019.6
2020-05-21,63.9,51.1,78.1,0.0,307.0,8.1,1016.5
2020-05-22,62.6,55.0,73.0,0.0,318.0,7.2,1013.6
2020-05-23,65.1,51.1,82.0,0.0,329.0,7.4,1014.0
2020-05-24,69.6,54.0,89.1,0.0,340.0,5.8,1014.1
2020-05-25,77.5,62.1,93.9,0.0,335.75,5.8,1011.6
2020-05-26,79.3,63.0,95.0,0.0,331.5,6.2,1010.7
2020-05-27,78.4,66.0,93.0,0.0,327.25,6.8,1011.1
2020-05-28,68.7,57.9,81.0,0.0,323.0,7.3,1012.1
2020-05-29,65.8,57.9,79.0,0.0,178.0,11.7,1011.4
2020-05-30,66.0,62.1,72.0,0.0,181.0,11.3,1013.0
2020-05-31,63.5,55.9,72.0,0.0,347.0,5.8,1014.6
2020-06-01,67.1,60.1,78.1,0.0,339.0,7.5,1015.1
2020-06-02,74.8,60.1,91.0,0.0,345.0,6.8,1014.6
2020-06-03,80.1,64.9,96.1,0.0,330.0,6.6,1013.0
2020-06-04,74.5,62.1,91.9,0.0,326.0,6.4,1007.9
2020-06-05,64.4,57.9,72.0,0.0,227.0,13.2,1009.5
2020-06-06,62.4,55.9,73.0,0.0,320.0,9.7,1015.0
2020-06-07,61.0,54.0,69.1,0.0,317.0,14.9,1019.5
2020-06-08,65.1,52.0,78.1,0.0,334.0,9.4,1021.4
2020-06-09,70.3,55.0,90.0,0.0,342.0,7.0,1020.1
2020-06-10,71.6,59.0,87.1,0.0,332.0,7.3,1016.5
2020-06-11,70.0,59.0,84.9,0.0,347.0,8.0,1015.2
2020-06-12,64.2,57.9,71.1,0.0,334.0,10.9,1017.8
2020-06-13,63.3,55.9,72.0,0.0,338.0,9.4,1018.4
2020-06-14,65.7,59.0,77.0,0.0,342.0,8.8,1016.1
2020-06-15,66.7,59.0,77.0,0.0,350.0,8.3,1016.3
2020-06-16,64.6,57.0,73.0,0.0,348.0,10.5,1015.9
2020-06-17,70.9,55.9,86.0,0.0,336.0,7.2,1014.2
2020-06-18,75.2,60.1,91.9,0.0,336.0,7.0,1011.7
2020-06-19,69.4,59.0,82.9,0.0,329.0,8.1,1012.0
2020-06-20,65.7,55.9,79.0,0.0,322.0,7.7,1014.8
2020-06-21,68.0,57.9,81.0,0.0,352.0,7.7,1014.3
2020-06-22,68.9,57.0,86.0,0.0,313.0,7.4,1013.3
2020-06-23,68.7,57.9,82.9,0.0,313.0,9.0,1012.1
2020-06-24,69.6,59.0,84.0,0.0,313.0,7.5,1009.1
2020-06-25,68.4,57.9,82.0,0.0,313.0,8.6,1008.5
2020-06-26,69.3,59.0,82.0,0.0,313.0,8.3,1011.1
2020-06-27,69.4,61.0,82.9,0.0,328.0,7.3,1010.3
2020-06-28,66.0,57.9,78.1,0.0,164.0,10.8,1007.7
2020-06-29,67.6,55.0,82.0,0.0,0.0,10.2,1010.6
2020-06-30,71.4,57.9,89.1,0.0,333.0,8.5,1012.1
2020-07-01,66.4,55.9,82.9,0.0,145.0,9.4,1009.7
2020-07-02,64.9,55.9,77.0,0.0,179.0,12.2,1011.5
2020-07-03,65.7,55.0,77.0,0.0,255.0,9.0,1015.6
2020-07-04,71.4,57.0,87.1,0.0,332.0,6.4,1016.2
2020-07-05,71.1,59.0,84.9,0.0,338.0,6.9,1015.3
2020-07-06,66.0,55.0,78.1,0.0,344.0,8.0,1014.6
2020-07-07,66.7,55.0,82.0,0.0,340.25,7.5,1013.9
2020-07-08,68.5,57.9,82.9,0.0,336.5,7.1,1011.6
2020-07-09,69.1,55.9,86.0,0.0,332.75,7.1,1012.0
2020-07-10,71.4,60.1,84.9,0.0,329.0,6.0,1015.2
2020-07-11,73.0,60.1,90.0,0.0,331.0,6.0,1015.2
2020-07-12,72.9,60.1,89.1,0.0,311.0,6.6,1012.5
2020-07-13,68.2,59.0,79.0,0.0,291.0,7.5,1011.3
2020-07-14,66.4,57.0,82.0,0.0,271.0,12.1,1012.6
2020-07-15,67.1,57.9,80.1,0.0,251.0,9.4,1012.3
2020-07-16,66.4,57.9,75.9,0.0,312.0,7.9,1012.2
2020-07-17,68.4,57.9,80.1,0.0,331.0,7.1,1013.4
2020-07-18,68.7,59.0,80.1,0.0,311.0,8.0,1014.3
2020-07-19,67.3,60.1,77.0,0.0,341.0,7.1,1014.8
2020-07-20,66.4,61.0,75.0,0.0,349.5,7.2,1015.0
2020-07-21,65.7,59.0,78.1,0.0,358.0,7.1,1011.6
2020-07-22,67.1,57.9,81.0,0.0,347.3333333333333,8.2,1011.7
2020-07-23,67.3,59.0,81.0,0.0,336.6666666666667,8.8,1011.8
2020-07-24,65.3,57.0,77.0,0.0,326.0,8.4,1012.8
2020-07-25,67.6,57.0,81.0,0.0,331.0,8.1,1012.3
2020-07-26,68.2,59.0,79.0,0.0,331.0,7.6,1012.65
2020-07-27,67.8,60.1,80.1,0.0,331.0,6.7,1013.0
2020-07-28,67.3,60.1,78.1,0.0,331.0,6.5,1012.5
2020-07-29,67.6,60.1,78.1,0.0,340.0,7.0,1012.7
2020-07-30,67.1,61.0,78.1,0.0,339.5,7.1,1015.2
2020-07-31,66.4,60.1,78.1,0.0,339.0,7.1,1016.3
2020-08-01,67.5,57.9,79.0,0.0,333.0,6.5,1016.2
2020-08-02,68.2,59.0,80.1,0.0,334.0,6.0,1016.5
2020-08-03,71.4,62.1,87.1,0.0,330.0,6.7,1016.2
2020-08-04,67.6,59.0,79.0,0.0,326.0,8.3,1014.9
2020-08-05,65.3,62.1,73.0,0.0,322.0,7.1,1014.9
2020-08-06,68.9,62.1,81.0,0.0,338.0,9.2,1012.8
2020-08-07,69.1,59.0,84.0,0.0,354.0,8.3,1012.8
2020-08-08,70.2,59.0,84.9,0.0,284.0,7.5,1013.6
2020-08-09,71.8,62.1,86.0,0.0,307.5,5.8,1012.6
2020-08-10,70.2,62.1,81.0,0.0,331.0,6.2,1012.2
2020-08-11,67.6,59.0,79.0,0.0,329.0,6.8,1012.8
2020-08-12,70.3,62.1,82.0,0.0,330.4,5.8,1012.7
2020-08-13,77.4,62.1,95.0,0.0,331.8,4.9,1012.4
2020-08-14,85.3,73.9,100.9,0.0,333.2,5.7,1011.2
2020-08-15,84.0,72.0,97.0,0.0,334.6,6.8,1010.8
2020-08-16,84.4,75.0,98.1,0.0,336.0,8.0,1011.3
2020-08-17,79.3,72.0,95.0,0.0,338.0,6.2,1013.4
2020-08-18,81.0,70.0,97.0,0.0,340.0,5.5,1013.8
2020-08-19,78.1,69.1,89.1,0.0,338.0,6.9,1012.6
2020-08-20,71.4,60.1,84.0,0.0,337.0,9.2,1011.9
2020-08-21,72.5,62.1,88.0,0.0,347.0,6.7,1011.0
2020-08-22,73.9,64.0,89.1,0.0,334.0,5.4,1010.7
2020-08-23,73.0,64.9,84.0,0.0,328.0,5.5,1010.5
2020-08-24,73.8,66.0,86.0,0.0,330.0,6.3,1010.0
2020-08-25,69.8,64.0,79.0,0.0,324.0,7.1,1010.8
2020-08-26,66.2,59.0,75.0,0.0,332.0,7.1,1010.5
2020-08-27,65.5,59.0,78.1,0.0,349.0,5.6,1009.7
2020-08-28,66.0,57.0,77.0,0.0,329.0,5.7,1009.4
2020-08-29,65.5,55.0,77.0,0.0,332.0,5.8,1010.7
2020-08-30,65.5,55.9,78.1,0.0,335.0,5.5,1010.5
2020-08-31,65.7,59.0,77.0,0.0,338.0,5.2,1010.0
2020-09-01,64.2,57.0,73.9,0.0,0.0,6.3,1013.6
2020-09-02,64.9,60.1,75.0,0.0,111.0,6.8,1016.8
2020-09-03,64.6,61.0,72.0,0.0,222.0,8.1,1016.8
2020-09-04,67.1,59.0,81.0,0.0,333.0,6.6,1015.5
2020-09-05,77.9,61.0,98.1,0.0,344.5,2.9,1013.9
2020-09-06,86.0,69.1,104.0,0.0,356.0,4.4,1013.0
2020-09-07,85.8,73.0,102.9,0.0,348.0,5.5,1008.4
2020-09-08,71.6,64.9,84.0,0.0,332.0,6.6,1005.0
2020-09-09,63.7,60.1,66.0,0.0,13.0,4.0,1010.0
2020-09-10,63.3,59.0,68.0,0.0,14.0,2.5,1015.8
2020-09-11,64.9,57.0,75.9,0.0,351.0,2.1,1016.2
2020-09-12,68.5,59.0,82.9,0.0,346.0,2.9,1013.0
2020-09-13,64.0,60.1,72.0,0.0,333.0,5.8,1013.2
2020-09-14,64.2,60.1,73.9,0.0,337.0,4.8,1015.6
2020-09-15,66.7,60.1,78.1,0.0,330.0,5.2,1017.6
2020-09-16,69.1,63.0,80.1,0.0,338.5,5.3,1016.8
2020-09-17,70.9,66.0,80.1,0.0,347.0,6.4,1014.7
2020-09-18,69.6,64.9,78.1,0.0,340.0,8.8,1015.4
2020-09-19,69.3,61.0,80.1,0.0,327.0,6.7,1014.7
2020-09-20,72.1,59.0,90.0,0.0,338.0,4.3,1011.7
2020-09-21,69.4,61.0,82.0,0.0,344.0,4.7,1012.8
2020-09-22,67.8,57.9,81.0,0.0,344.0,5.9,1016.9
2020-09-23,68.5,57.9,81.0,0.0,350.0,6.3,1018.4
2020-09-24,70.9,64.9,81.0,0.0,351.0,8.9,1017.0
2020-09-25,66.4,55.9,75.9,0.0,357.0,6.2,1016.5
2020-09-26,69.3,59.0,82.9,0.0,344.0,5.8,1016.0
2020-09-27,77.0,61.0,93.0,0.0,334.0,5.5,1011.6
2020-09-28,79.0,64.0,99.0,0.0,340.0,3.7,1012.0
2020-09-29,70.5,63.0,82.9,0.0,341.5,5.2,1015.6
2020-09-30,71.8,62.1,87.1,0.0,343.0,4.1,1017.4
2020-10-01,77.7,66.0,93.9,0.0,3.0,3.2,1014.6
2020-10-02,76.3,64.0,93.0,0.0,344.0,3.5,1014.0
2020-10-03,73.4,62.1,93.0,0.0,341.0,3.5,1012.8
2020-10-04,69.1,59.0,84.0,0.0,333.0,4.3,1014.6
2020-10-05,67.6,57.9,86.0,0.0,335.5,3.5,1015.8
2020-10-06,66.4,57.9,80.1,0.0,338.0,3.7,1015.1
2020-10-07,61.7,57.0,68.0,0.0,334.0,5.4,1013.5
2020-10-08,62.8,59.0,71.1,0.0,338.0,5.5,1014.1
2020-10-09,64.8,61.0,73.0,0.0,342.0,4.3,1014.4
2020-10-10,65.8,57.9,75.9,0.0,346.0,7.6,1014.8
2020-10-11,66.6,57.0,79.0,0.0,328.0,7.0,1018.1
2020-10-12,68.2,55.0,84.0,0.0,336.5,4.0,1018.5
2020-10-13,69.6,55.0,86.0,0.0,345.0,4.8,1017.9
2020-10-14,73.0,60.1,89.1,0.0,347.0,5.0,1017.9
2020-10-15,78.3,63.0,93.0,0.0,313.0,5.5,1014.8
2020-10-16,76.3,63.0,93.9,0.0,156.5,3.5,1014.0
2020-10-17,74.8,60.1,93.9,0.0,0.0,3.0,1013.2
2020-10-18,71.4,59.0,87.1,0.0,319.0,4.4,1014.8
2020-10-19,67.5,57.0,84.9,0.0,349.0,3.8,1014.8
2020-10-20,68.7,57.0,86.0,0.0,345.0,2.9,1011.7
2020-10-21,69.1,57.0,86.0,0.0,340.0,3.6,1009.3
2020-10-22,64.9,55.9,79.0,0.0,331.0,6.2,1010.3
2020-10-23,62.1,55.0,73.9,0.0,322.0,5.5,1014.4
2020-10-24,61.2,53.1,71.1,0.0,353.0,5.0,1014.7
2020-10-25,62.4,55.9,71.1,0.0,312.0,6.0,1013.2
2020-10-26,63.5,54.0,75.9,0.0,326.5,5.6,1019.0
2020-10-27,62.1,48.9,79.0,0.0,341.0,5.2,1018.2
2020-10-28,62.1,50.0,78.1,0.0,349.0,3.0,1018.1
2020-10-29,61.0,48.0,75.9,0.0,353.0,3.1,1017.8
2020-10-30,59.0,48.0,72.0,0.0,352.0,3.9,1017.5
2020-10-31,60.8,46.9,75.9,0.0,355.0,1.9,1018.2
2020-11-01,61.0,48.0,79.0,0.0,5.0,2.1,1019.6
2020-11-02,62.8,51.1,79.0,0.0,347.0,2.7,1018.3
2020-11-03,58.8,50.0,78.1,0.0,332.0,3.7,1018.5
2020-11-04,60.1,48.0,75.0,0.0,340.0,3.4,1022.4
2020-11-05,64.2,53.1,78.1,0.0,348.0,2.9,1015.5999999999999
2020-11-06,57.7,51.1,62.1,0.0,305.0,11.7,1008.8
2020-11-07,53.6,48.9,62.1,0.0,293.0,5.6,1006.5
2020-11-08,51.3,42.1,57.9,0.0,311.0,13.0,1013.85
2020-11-09,47.3,36.0,60.1,0.0,353.0,4.7,1021.2
2020-11-10,50.7,36.0,63.0,0.0,21.0,3.7,1023.1
2020-11-11,54.0,48.0,61.0,0.0,316.0,4.1,1018.6
2020-11-12,52.5,44.1,63.0,0.0,353.0,3.2,1018.3
2020-11-13,52.2,42.1,64.0,0.0,146.0,6.6,1020.4
2020-11-14,50.9,43.0,59.0,0.0,359.0,3.4,1024.5
2020-11-15,52.7,39.9,66.9,0.0,10.0,3.2,1024.5
2020-11-16,57.0,44.1,73.0,0.0,0.0,1.6,1016.5
2020-11-17,60.1,54.0,66.0,0.0,62.5,11.9,1012.3
2020-11-18,59.2,51.1,64.9,0.0,125.0,6.5,1017.8
2020-11-19,53.1,46.0,62.1,0.0,328.0,5.0,1024.7
2020-11-20,53.1,43.0,66.9,0.0,340.0,2.8,1023.6
2020-11-21,50.4,39.0,64.0,0.0,352.0,3.0,1021.7
2020-11-22,48.6,37.0,62.1,0.0,353.0,4.9,1017.8
2020-11-23,52.2,45.0,60.1,0.0,354.0,3.2,1017.0
2020-11-24,52.2,42.1,68.0,0.0,336.0,4.5,1019.3
2020-11-25,51.6,44.1,61.0,0.0,338.0,4.9,1022.6
2020-11-26,51.4,39.0,64.9,0.0,347.0,4.2,1022.6
2020-11-27,49.5,37.0,64.9,0.0,196.5,3.2,1023.2
2020-11-28,47.7,34.0,64.0,0.0,46.0,3.2,1023.5
2020-11-29,49.3,34.0,64.9,0.0,5.0,3.1,1022.3
2020-11-30,49.3,36.0,63.0,0.0,1.0,2.6,1024.8
2020-12-01,50.4,42.1,63.0,0.0,351.0,1.7,1022.3
2020-12-02,50.2,37.9,64.9,0.0,5.0,2.2,1019.7
2020-12-03,51.3,41.0,64.0,0.0,3.5,3.5,1024.0
2020-12-04,52.2,42.1,68.0,0.0,2.0,1.4,1024.1
2020-12-05,50.4,39.9,64.0,0.0,350.0,3.7,1024.0
2020-12-06,48.9,42.1,60.1,0.0,11.0,3.1,1025.3
2020-12-07,56.3,39.0,73.0,0.0,332.0,6.2,1021.2
2020-12-08,55.4,42.1,73.0,0.0,13.0,1.7,1020.5
2020-12-09,51.8,39.0,64.0,0.0,355.0,2.7,1018.0
2020-12-10,51.4,43.0,66.9,0.0,4.0,4.4,1017.5
2020-12-11,48.7,41.0,57.9,0.0,77.0,5.3,1021.4
2020-12-12,53.2,48.9,59.0,0.0,357.0,5.0,1020.0
2020-12-13,54.0,48.0,60.1,0.0,186.0,8.0,1021.8
2020-12-14,48.7,43.0,55.9,0.0,331.0,4.8,1024.9
2020-12-15,48.9,41.0,59.0,0.0,337.5,2.2,1026.5
2020-12-16,50.5,39.9,62.1,0.0,344.0,2.5,1022.4
2020-12-17,52.9,46.9,57.0,0.0,313.0,8.9,1018.1
2020-12-18,48.9,39.0,62.1,0.0,355.0,4.5,1025.4
2020-12-19,47.3,39.0,60.1,0.0,344.0,3.2,1028.4
2020-12-20,46.9,36.0,62.1,0.0,348.0,1.9,1025.3
2020-12-21,46.6,36.0,60.1,0.0,352.0,2.4,1019.0
2020-12-22,50.9,43.0,60.1,0.0,322.0,7.5,1021.3
2020-12-23,49.6,39.9,60.1,0.0,334.5,2.9,1023.4
2020-12-24,47.8,39.0,57.9,0.014333333333333332,347.0,1.7,1023.6
2020-12-25,54.9,45.0,63.0,0.028666666666666663,141.0,9.1,1019.4
2020-12-26,53.2,46.9,59.0,0.043,345.0,4.5,1016.3666666666667
2020-12-27,50.9,45.0,61.0,0.0,161.0,4.5,1013.3333333333333
2020-12-28,50.0,44.1,57.0,0.0,315.0,4.8,1010.3
2020-12-29,48.4,39.0,61.0,0.0,347.0,2.5,1023.5
2020-12-30,46.6,35.1,57.0,0.0,1.0,4.3,1026.4
2020-12-31,50.4,44.1,59.0,0.0,332.0,7.2,1023.9000000000001
2021-01-01,48.9,39.0,63.0,0.0,58.0,2.7,1021.4
2021-01-02,52.7,46.9,57.9,0.031,133.0,5.8,1023.8
2021-01-03,52.9,51.1,57.0,0.0,355.0,2.2,1023.5
2021-01-04,55.0,46.9,60.1,0.165,175.0,8.7,1021.2
2021-01-05,48.6,42.1,55.9,0.0,358.0,2.9,1024.6
2021-01-06,47.5,37.0,61.0,0.0,339.0,3.3,1023.4
2021-01-07,49.3,43.0,59.0,0.0,24.0,2.1,1023.1
2021-01-08,52.2,46.9,60.1,0.0,325.0,5.2,1024.6
2021-01-09,50.2,41.0,61.0,0.0,338.0,3.3,1024.5
2021-01-10,48.9,39.9,63.0,0.0,346.0,3.4,1024.8
2021-01-11,49.8,39.9,62.1,0.0,344.0,4.2,1023.9
2021-01-12,53.4,45.0,62.1,0.0,348.0,3.2,1025.7
2021-01-13,55.9,45.0,69.1,0.0,341.0,3.4,1027.8
2021-01-14,56.5,45.0,71.1,0.0,357.0,3.9,1026.4
2021-01-15,54.9,43.0,69.1,0.0,352.0,3.7,1025.3
2021-01-16,56.1,45.0,70.0,0.0,347.0,2.7,1021.4
2021-01-17,58.5,45.0,77.0,0.0,355.0,2.5,1018.4
2021-01-18,66.2,52.0,77.0,0.0,331.0,9.9,1013.4
2021-01-19,59.0,52.0,68.0,0.0,341.0,12.7,1014.0
2021-01-20,52.7,41.0,66.9,0.0,40.0,3.4,1018.8
2021-01-21,49.8,39.0,63.0,0.0,352.0,4.0,1017.4
2021-01-22,48.9,46.0,52.0,0.256,170.0,5.3,1013.1
2021-01-23,47.7,41.0,55.0,0.0,339.0,5.2,1014.1
2021-01-24,45.0,37.0,52.0,0.181,175.0,6.0,1013.1
2021-01-25,46.8,44.1,53.1,0.0,312.0,15.3,1010.5
2021-01-26,43.5,33.1,51.1,0.122,145.0,12.7,1012.7
2021-01-27,48.4,46.0,52.0,1.142,140.0,18.8,1007.3
2021-01-28,49.8,46.9,51.1,1.413,133.0,10.1,1007.4
2021-01-29,48.4,41.0,55.9,0.13,9.0,4.5,1013.2
2021-01-30,51.4,43.0,62.1,0.0,154.0,4.2,1021.3
2021-01-31,56.7,48.9,64.9,0.0,151.0,4.7,1020.3
2021-02-01,55.8,46.9,63.0,0.0,187.0,8.9,1016.5
2021-02-02,54.9,48.9,60.1,0.118,134.0,7.8,1019.4
2021-02-03,49.8,41.0,57.9,0.0,335.0,5.2,1023.7
2021-02-04,52.2,45.0,61.0,0.0,296.0,5.8,1023.9
2021-02-05,52.2,39.9,70.0,0.0,3.0,4.3,1022.3
2021-02-06,53.6,41.0,70.0,0.0,345.0,2.9,1018.9
2021-02-07,52.7,42.1,66.9,0.0,341.0,3.5,1015.4
2021-02-08,50.2,39.9,60.1,0.0,345.0,3.5,1014.7
2021-02-09,54.0,48.9,62.1,0.0,343.0,3.4,1016.8
2021-02-10,53.2,46.0,63.0,0.0,336.0,4.9,1019.1
2021-02-11,52.2,45.0,61.0,0.228,55.0,4.1,1017.8
2021-02-12,53.6,48.9,60.1,0.008,324.0,9.6,1017.4
2021-02-13,54.1,50.0,60.1,0.039,325.0,10.0,1017.4
2021-02-14,51.6,43.0,57.0,0.0,14.0,4.3,1019.2
2021-02-15,54.5,51.1,61.0,0.079,102.0,9.2,1019.1
2021-02-16,50.7,44.1,57.0,0.0,325.0,7.7,1021.3
2021-02-17,50.7,39.0,63.0,0.0,328.0,5.8,1022.5
2021-02-18,52.7,37.9,66.9,0.0,7.0,4.8,1026.6
2021-02-19,55.2,48.9,64.9,0.0,102.0,8.9,1026.1
2021-02-20,52.0,46.9,60.1,0.087,309.0,10.0,1027.5
2021-02-21,52.5,42.1,64.0,0.0,344.0,4.2,1030.0
2021-02-22,56.5,45.0,72.0,0.0,354.0,3.6,1025.0
2021-02-23,59.5,46.0,78.1,0.0,337.0,5.0,1020.0
2021-02-24,57.6,43.0,71.1,0.0,351.0,6.8,1021.7
2021-02-25,56.7,46.9,66.9,0.0,321.0,9.2,1023.7
2021-02-26,51.4,42.1,62.1,0.0,334.0,6.5,1021.3
2021-02-27,51.8,43.0,62.1,0.0,326.0,9.2,1020.9
2021-02-28,54.5,41.0,68.0,0.0,8.0,5.5,1021.6
2021-03-01,57.2,43.0,70.0,0.0,184.0,6.8,1019.2
2021-03-02,54.0,43.0,66.0,0.0,343.0,5.0,1013.2
2021-03-03,55.2,48.0,69.1,0.0,317.0,5.0,1010.1
2021-03-04,53.8,44.1,66.9,0.0,127.0,7.1,1022.8
2021-03-05,55.6,44.1,66.9,0.0,175.0,8.0,1020.4
2021-03-06,51.6,46.9,59.0,0.217,332.0,8.5,1020.5
2021-03-07,50.4,39.0,61.0,0.0,339.0,6.8,1019.7
2021-03-08,50.9,44.1,59.0,0.0,209.0,6.2,1022.0
2021-03-09,49.8,44.1,59.0,0.209,158.0,9.8,1019.3
2021-03-10,46.9,44.1,52.0,0.681,138.0,6.5,1014.3
2021-03-11,48.2,44.1,57.0,0.024,327.0,6.4,1018.4
2021-03-12,51.8,39.0,66.0,0.0,332.0,6.0,1021.1
2021-03-13,50.5,44.1,59.0,0.0,345.0,6.3,1025.7
2021-03-14,49.25,44.1,56.05,0.0195,322.5,9.6,1021.45
2021-03-15,48.0,44.1,53.1,0.039,300.0,12.9,1017.2
2021-03-16,48.0,37.0,60.1,0.0,3.0,6.5,1018.0
2021-03-17,47.8,39.0,57.0,0.0,333.0,4.2,1019.5
2021-03-18,54.0,50.0,60.1,0.228,174.0,8.1,1019.1
2021-03-19,54.5,48.9,60.1,0.008,337.0,5.6,1021.4
2021-03-20,50.0,39.9,59.0,0.0,340.0,7.7,1025.4
2021-03-21,51.4,41.0,64.9,0.0,341.0,6.5,1024.5
2021-03-22,51.6,39.0,62.1,0.0,340.0,7.6,1022.3
2021-03-23,56.8,46.0,66.0,0.0,324.0,15.3,1017.7
2021-03-24,57.2,46.0,69.1,0.0,327.0,6.8,1016.3
2021-03-25,53.6,46.9,62.1,0.0,331.0,6.5,1010.5
2021-03-26,56.1,42.1,71.1,0.0,335.0,6.7,1016.7
2021-03-27,60.1,45.0,75.0,0.0,346.0,5.5,1023.8
2021-03-28,60.3,46.9,75.9,0.0,325.0,6.3,1023.3
2021-03-29,55.2,46.0,64.0,0.0,340.0,6.2,1017.2
2021-03-30,62.8,48.0,77.0,0.0,333.0,6.4,1016.0
2021-03-31,65.1,46.0,82.9,0.0,340.0,4.5,1018.4
2021-04-01,66.9,50.0,84.9,0.0,352.0,5.7,1014.0
2021-04-02,58.6,50.0,70.0,0.0,330.0,6.3,1015.9
2021-04-03,54.5,50.0,63.0,0.0,358.0,7.6,1021.0
2021-04-04,54.9,50.0,63.0,0.0,322.0,9.1,1021.7
2021-04-05,54.3,50.0,62.1,0.0,321.0,8.3,1018.2
2021-04-06,55.2,50.0,66.0,0.0,343.0,6.6,1017.9
2021-04-07,54.0,50.0,62.1,0.0,339.0,9.2,1021.7
2021-04-08,54.5,45.0,66.9,0.0,342.0,5.8,1021.7
2021-04-09,53.4,46.9,62.1,0.0,342.0,7.2,1020.6
2021-04-10,55.2,44.1,68.0,0.0,344.0,5.8,1018.4
2021-04-11,55.4,44.1,72.0,0.0,338.0,5.2,1012.7
2021-04-12,57.2,45.0,73.0,0.0,342.0,4.5,1010.6
2021-04-13,55.8,48.9,64.0,0.0,294.0,8.1,1011.4
2021-04-14,57.0,46.0,70.0,0.0,90.0,8.4,1013.9
2021-04-15,55.9,46.0,66.9,0.0,283.0,8.0,1016.8
2021-04-16,55.4,48.0,66.0,0.0,339.0,7.6,1016.7
2021-04-17,57.2,48.9,69.1,0.0,336.0,7.6,1017.4
2021-04-18,62.8,48.0,82.0,0.0,346.0,5.4,1019.0
2021-04-19,57.6,50.0,66.9,0.0,332.0,6.5,1018.9
2021-04-20,54.9,48.0,64.0,0.0,262.0,7.5,1014.1
2021-04-21,56.7,48.9,68.0,0.0,123.0,9.4,1011.3
2021-04-22,55.9,51.1,68.0,0.0,29.0,11.2,1013.9
2021-04-23,57.4,50.0,71.1,0.0,10.0,8.1,1015.8
2021-04-24,57.2,51.1,66.0,0.0,354.0,7.9,1016.1
2021-04-25,55.2,48.9,59.0,0.087,275.0,6.2,1012.7
2021-04-26,52.3,41.0,62.1,0.0,350.0,7.8,1013.6
2021-04-27,57.4,42.1,72.0,0.0,335.0,6.8,1016.4
2021-04-28,64.2,48.0,82.0,0.0,340.0,6.7,1021.1
2021-04-29,62.6,52.0,75.0,0.0,322.0,5.7,1022.6
2021-04-30,58.8,51.1,69.1,0.0,334.0,7.8,1020.7
2021-05-01,59.9,52.0,70.0,0.0,356.0,7.9,1017.1
2021-05-02,59.9,48.9,73.0,0.0,359.0,8.8,1014.0
2021-05-03,65.5,52.0,82.9,0.0,345.0,7.1,1013.1
2021-05-04,67.1,57.0,82.0,0.0,336.0,6.5,1013.7
2021-05-05,64.6,54.0,82.0,0.0,332.0,6.1,1013.2
2021-05-06,59.4,52.0,70.0,0.0,344.0,8.9,1017.6
2021-05-07,59.9,50.0,71.1,0.0,348.0,7.3,1017.4
2021-05-08,65.7,50.0,82.9,0.0,329.0,7.8,1015.8
2021-05-09,65.5,55.0,81.0,0.0,337.0,8.1,1013.3
2021-05-10,67.5,54.0,84.0,0.0,334.0,7.3,1011.2
2021-05-11,66.7,54.0,82.0,0.0,302.0,6.6,1012.1
2021-05-12,62.6,54.0,73.9,0.0,326.0,6.8,1015.0
2021-05-13,59.2,52.0,71.1,0.0,320.0,7.1,1016.6
2021-05-14,58.3,52.0,68.0,0.0,354.0,7.4,1014.5
2021-05-15,57.9,52.0,66.0,0.0,314.0,6.6,1012.6
2021-05-16,59.4,54.0,70.0,0.0,159.0,9.3,1013.8
2021-05-17,58.6,53.1,68.0,0.0,22.0,8.7,1017.6
2021-05-18,61.0,50.0,73.0,0.0,352.0,7.7,1018.4
2021-05-19,57.7,50.0,66.0,0.0,318.0,9.3,1016.2
2021-05-20,56.3,48.0,66.0,0.0,322.0,12.3,1016.7
2021-05-21,58.8,50.0,70.0,0.0,341.0,8.4,1015.6
2021-05-22,59.4,50.0,73.0,0.0,127.0,10.9,1017.4
2021-05-23,57.9,50.0,68.0,0.0,340.0,8.4,1020.4
2021-05-24,60.8,52.0,73.9,0.0,337.0,7.8,1019.8
2021-05-25,61.3,54.0,69.1,0.0,354.0,7.3,1018.6
2021-05-26,60.8,51.1,73.9,0.0,347.0,6.8,1017.3
2021-05-27,61.0,50.0,71.1,0.0,353.0,6.3,1019.4
2021-05-28,62.1,54.0,72.0,0.0,335.0,8.1,1016.6
2021-05-29,58.3,54.0,66.0,0.0,356.0,8.6,1014.7
2021-05-30,64.4,54.0,82.0,0.0,341.0,6.6,1012.3
2021-05-31,69.8,57.0,82.9,0.0,324.0,5.8,1011.9
2021-06-01,66.4,57.9,79.0,0.0,326.0,6.8,1013.3
2021-06-02,62.4,55.9,73.0,0.0,323.0,6.9,1012.5
2021-06-03,65.8,54.0,80.1,0.0,344.0,4.8,1010.9
2021-06-04,64.6,57.0,73.9,0.0,320.0,6.8,1013.6
2021-06-05,64.9,52.0,80.1,0.0,326.0,7.1,1012.5
2021-06-06,63.7,53.1,75.9,0.0,50.0,11.3,1010.5
2021-06-07,60.3,52.0,69.1,0.0,316.0,9.6,1012.9
2021-06-08,59.0,51.1,68.0,0.0,327.0,9.4,1017.6
2021-06-09,58.6,51.1,68.0,0.0,311.0,9.7,1020.9
2021-06-10,59.2,50.0,70.0,0.0,336.0,9.4,1023.2
2021-06-11,62.1,50.0,73.0,0.0,343.0,8.3,1018.8
2021-06-12,68.0,60.1,79.0,0.0,332.0,9.0,1014.9
2021-06-13,68.9,62.1,77.0,0.0,346.0,9.8,1014.1
2021-06-14,67.8,61.0,75.0,0.0,343.0,9.3,1017.0
2021-06-15,66.0,55.9,77.0,0.0,336.0,9.9,1018.8
2021-06-16,72.0,57.0,88.0,0.0,339.0,5.5,1014.3
2021-06-17,77.4,62.1,93.9,0.0,329.0,5.3,1008.6
2021-06-18,75.7,63.0,91.9,0.0,321.0,6.2,1006.2
2021-06-19,71.4,62.1,82.9,0.0,308.0,7.7,1006.9
2021-06-20,66.4,55.9,78.1,0.0,314.0,6.5,1009.7
2021-06-21,66.2,57.0,77.0,0.0,328.0,8.0,1012.6
2021-06-22,68.2,61.0,78.1,0.0,224.0,8.0,1012.1
2021-06-23,66.9,61.0,77.0,0.0,291.0,9.8,1013.1
2021-06-24,65.7,60.1,75.9,0.0,345.0,8.3,1016.0
2021-06-25,64.6,59.0,73.9,0.0,338.0,7.0,1015.6
2021-06-26,66.0,60.1,77.0,0.0,335.0,7.8,1013.1
2021-06-27,64.6,59.0,73.9,0.0,333.0,7.7,1010.2
2021-06-28,65.3,59.0,75.0,0.0,335.0,8.7,1009.7
2021-06-29,66.4,59.0,75.9,0.0,334.0,7.8,1009.5
2021-06-30,66.2,60.1,75.0,0.0,338.0,7.6,1011.6
2021-07-01,67.1,59.0,78.1,0.0,349.0,8.7,1012.5
2021-07-02,66.6,60.1,78.1,0.0,338.0,7.7,1012.7
2021-07-03,65.5,59.0,75.9,0.0,344.0,7.5,1013.6
2021-07-04,65.7,59.0,75.9,0.0,316.0,9.3,1014.5
2021-07-05,64.9,59.0,75.9,0.0,355.0,8.2,1015.2
2021-07-06,64.2,59.0,73.0,0.0,334.0,8.6,1016.2
2021-07-07,62.8,57.0,70.0,0.0,337.0,8.3,1013.7
2021-07-08,69.6,57.0,84.9,0.0,343.0,4.6,1010.2
2021-07-09,74.3,64.0,86.0,0.0,332.0,6.5,1011.6
2021-07-10,70.2,59.0,82.9,0.0,330.0,7.0,1013.1
2021-07-11,65.5,57.9,73.9,0.0,323.0,8.4,1012.5
2021-07-12,62.8,57.0,72.0,0.0,342.0,7.6,1012.6
2021-07-13,63.5,57.0,73.9,0.0,355.0,7.0,1012.3
2021-07-14,65.1,55.9,79.0,0.0,349.0,9.4,1013.1
2021-07-15,62.6,57.0,73.0,0.0,333.0,7.8,1015.1
2021-07-16,64.4,53.1,78.1,0.0,353.0,6.7,1013.4
2021-07-17,67.3,54.0,81.0,0.0,289.0,7.7,1013.0
2021-07-18,70.2,57.9,84.0,0.0,321.0,6.5,1014.4
2021-07-19,69.6,60.1,82.0,0.0,328.0,6.8,1015.6
2021-07-20,65.8,57.9,75.0,0.0,330.0,5.3,1016.3
